<?xml version="1.0" encoding="UTF-8"?><fds:fds_sdr_hdr xmlns:xsi="http://www.w3.org/2001/XMLSchema-instance" xmlns:fds="FIM-FDS-DATACLASS-FACILITY"><fac_agrmt>
    <cdcc_id>cdcc_id</cdcc_id>
    <cdcc_instc_id>cdcc_instc_id</cdcc_instc_id>
    <adjmt_id>adjmt_id</adjmt_id>
    <src_fac_agrmt_id>src_fac_agrmt_id2</src_fac_agrmt_id>
    <fac_agrmt_src_nme>fac_agrmt_src_nme2</fac_agrmt_src_nme>
    <fac_agrmt_sk>fac_agrmt_sk</fac_agrmt_sk>
    <prnt_src_fac_agrmt_id>prnt_src_fac_agrmt_id</prnt_src_fac_agrmt_id>
    <prnt_fac_agrmt_src_nme>prnt_fac_agrmt_src_nme</prnt_fac_agrmt_src_nme>
    <prnt_fac_agrmt_sk>prnt_fac_agrmt_sk</prnt_fac_agrmt_sk>
    <cpty_pty_id>cpty_pty_id</cpty_pty_id>
    <cpty_pty_id_typ>cpty_pty_id_typ</cpty_pty_id_typ>
    <cpty_pty_src_nme>cpty_pty_src_nme</cpty_pty_src_nme>
    <cpty_pty_sk>cpty_pty_sk</cpty_pty_sk>
    <bkg_ami_pty_id>bkg_ami_pty_id</bkg_ami_pty_id>
    <bkg_ami_pty_id_typ>bkg_ami_pty_id_typ</bkg_ami_pty_id_typ>
    <bkg_ami_pty_src_nme>bkg_ami_pty_src_nme</bkg_ami_pty_src_nme>
    <bkg_ami_pty_sk>bkg_ami_pty_sk</bkg_ami_pty_sk>
    <fac_typ>0</fac_typ>
    <extnl_fac_amt>0.0</extnl_fac_amt>
    <sys_fac_amt>0.0</sys_fac_amt>
    <untlsd_fac_amt>0.0</untlsd_fac_amt>
    <fac_ccy>fac_ccy</fac_ccy>
    <fac_aprvl_dt>2001-01-01</fac_aprvl_dt>
    <crd_appln_fac_amt>0.0</crd_appln_fac_amt>
    <db_synn_shr_pct>0.0</db_synn_shr_pct>
    <db_dwngrd_prvsn_desc>db_dwngrd_prvsn_desc</db_dwngrd_prvsn_desc>
    <untlsd_fac_int_rte_typ>0</untlsd_fac_int_rte_typ>
    <fac_strt_dt>2001-01-01</fac_strt_dt>
    <fac_end_dt>2001-01-01</fac_end_dt>
    <fac_prps_typ>fac_prps_typ</fac_prps_typ>
    <fac_nxt_ren_dt>2001-01-01</fac_nxt_ren_dt>
    <orgl_fac_amt>0.0</orgl_fac_amt>
    <fac_outst_amt>0.0</fac_outst_amt>
    <snry_typ>snry_typ</snry_typ>
    <trdg_bk_indctr>trdg_bk_indctr</trdg_bk_indctr>
    <lcl_trdg_bk_indctr>lcl_trdg_bk_indctr</lcl_trdg_bk_indctr>
    <ifrs_unernd_disc_amt>0.0</ifrs_unernd_disc_amt>
    <unernd_disc_amt>0.0</unernd_disc_amt>
    <rsk_wghtg_pct>0.0</rsk_wghtg_pct>
    <dln_rsk_crtr_cd>0</dln_rsk_crtr_cd>
    <imprd_hom_ln_indctr>imprd_hom_ln_indctr</imprd_hom_ln_indctr>
    <glbl_prod_cd>0</glbl_prod_cd>
    <glbl_prod_sk>glbl_prod_sk</glbl_prod_sk>
    <rds_prod_cd>0</rds_prod_cd>
    <leaf_orgn_unit_id>leaf_orgn_unit_id</leaf_orgn_unit_id>
    <leaf_orgn_unit_id_typ>leaf_orgn_unit_id_typ</leaf_orgn_unit_id_typ>
    <leaf_orgn_unit_src_nme>leaf_orgn_unit_src_nme</leaf_orgn_unit_src_nme>
    <leaf_orgn_unit_sk>leaf_orgn_unit_sk</leaf_orgn_unit_sk>
    <rsk_ctry_geo_pltcl_unit_id>rsk_ctry_geo_pltcl_unit_id</rsk_ctry_geo_pltcl_unit_id>
    <rsk_ctry_geo_pltcl_unit_typ>rsk_ctry_geo_pltcl_unit_typ</rsk_ctry_geo_pltcl_unit_typ>
    <rsk_ctry_gpu_sk>rsk_ctry_gpu_sk</rsk_ctry_gpu_sk>
    <rsk_glbl_prod_cd>0</rsk_glbl_prod_cd>
    <rsk_glbl_prod_sk>rsk_glbl_prod_sk</rsk_glbl_prod_sk>
    <ifrs_drv_flg>ifrs_drv_flg</ifrs_drv_flg>
    <ifrs_fv_flg>ifrs_fv_flg</ifrs_fv_flg>
    <rvlvg_flg>rvlvg_flg</rvlvg_flg>
    <rvcbl_fac_typ>rvcbl_fac_typ</rvcbl_fac_typ>
    <fac_rtng_dt>2001-01-01</fac_rtng_dt>
    <fac_rsk_fctr_cd>fac_rsk_fctr_cd</fac_rsk_fctr_cd>
    <fac_rsk_fctr_mthdy_typ>fac_rsk_fctr_mthdy_typ</fac_rsk_fctr_mthdy_typ>
    <fac_rsk_fctr_sco_cd>fac_rsk_fctr_sco_cd</fac_rsk_fctr_sco_cd>
    <fac_rsk_fctr_src_nme>fac_rsk_fctr_src_nme</fac_rsk_fctr_src_nme>
    <grp_erf_cd>grp_erf_cd</grp_erf_cd>
    <lgd_bas_typ>lgd_bas_typ</lgd_bas_typ>
    <lgd_rtng_tot_assmt_mthd_typ>0</lgd_rtng_tot_assmt_mthd_typ>
    <lgd_tot_pct>0.0</lgd_tot_pct>
    <lgd_unscd_pct>0.0</lgd_unscd_pct>
    <lgd_unscd_rtng_assmt_mthd_typ>0</lgd_unscd_rtng_assmt_mthd_typ>
    <lgd_unscd_rtng_cd>lgd_unscd_rtng_cd</lgd_unscd_rtng_cd>
    <pd_rsk_fctr_10_cd>pd_rsk_fctr_10_cd</pd_rsk_fctr_10_cd>
    <pd_rsk_fctr_26_cd>pd_rsk_fctr_26_cd</pd_rsk_fctr_26_cd>
    <pd_rsk_fctr_mthdy_typ>pd_rsk_fctr_mthdy_typ</pd_rsk_fctr_mthdy_typ>
    <pd_rsk_fctr_src_nme>pd_rsk_fctr_src_nme</pd_rsk_fctr_src_nme>
    <is_prnt_flg>is_prnt_flg</is_prnt_flg>
    <t_hdr_id>t_hdr_id</t_hdr_id>
    <t_bus_key_id>t_bus_key_id</t_bus_key_id>
    <t_adjmt_oprn_typ>t_adjmt_oprn_typ</t_adjmt_oprn_typ>
    <t_bus_rptg_dt>2001-01-01</t_bus_rptg_dt>
    <t_feed_file_id>t_feed_file_id</t_feed_file_id>
    <lgcy_fac_agrmt>
      <src_fac_agrmt_id>src_fac_agrmt_id3</src_fac_agrmt_id>
      <fac_agrmt_src_nme>fac_agrmt_src_nme3</fac_agrmt_src_nme>
      <fac_agrmt_sk>fac_agrmt_sk</fac_agrmt_sk>
      <mtm_ifrs_amt>0.0</mtm_ifrs_amt>
      <mtm_ifrs_ccy>mtm_ifrs_ccy</mtm_ifrs_ccy>
      <grs_valn_ifrs_euro_amt>0.0</grs_valn_ifrs_euro_amt>
      <sox_ref_cd>sox_ref_cd</sox_ref_cd>
      <src_pdt_cd>src_pdt_cd</src_pdt_cd>
      <prod_area_ubr_cd>0</prod_area_ubr_cd>
      <bus_area_ubr_cd>0</bus_area_ubr_cd>
      <ifrs_sti>ifrs_sti</ifrs_sti>
      <src_fac_typ>src_fac_typ</src_fac_typ>
      <ati>ati</ati>
      <ati_2>ati_2</ati_2>
      <ati_val>0.0</ati_val>
      <ati_val_ccy>ati_val_ccy</ati_val_ccy>
      <ati_val_2>0.0</ati_val_2>
      <ati_val_2_ccy>ati_val_2_ccy</ati_val_2_ccy>
      <clnt_signing_dt>2001-01-01</clnt_signing_dt>
      <last_fac_rvw_dt>2001-01-01</last_fac_rvw_dt>
      <pgn_pdt>pgn_pdt</pgn_pdt>
      <db_ety_brch_lcl_id>db_ety_brch_lcl_id</db_ety_brch_lcl_id>
      <db_ety_ccdb_id>0</db_ety_ccdb_id>
      <respl_brch_id>respl_brch_id</respl_brch_id>
      <respl_ety_ccdb_id>0</respl_ety_ccdb_id>
      <cpty_ccdb_id>0</cpty_ccdb_id>
      <synn_flg>synn_flg</synn_flg>
      <src_ubr_prx_cd>src_ubr_prx_cd</src_ubr_prx_cd>
      <src_crd_appln_id>src_crd_appln_id</src_crd_appln_id>
      <crd_appln_src_nme>crd_appln_src_nme</crd_appln_src_nme>
      <src_act_id>src_act_id</src_act_id>
      <crms_orgn_id>0</crms_orgn_id>
      <rsk_buba_ctry_cd>rsk_buba_ctry_cd</rsk_buba_ctry_cd>
      <src_rsk_ctry_cd>src_rsk_ctry_cd</src_rsk_ctry_cd>
      <invmt_asst_ptf_id>invmt_asst_ptf_id</invmt_asst_ptf_id>
      <grc_pdt>0</grc_pdt>
      <grc_pdt_ifrs>0</grc_pdt_ifrs>
      <ccf_intrnl_ec_pct>0.0</ccf_intrnl_ec_pct>
      <ccf_intrnl_gva_pct>0.0</ccf_intrnl_gva_pct>
      <ccf_rglty_pct>0.0</ccf_rglty_pct>
      <fx_fctr_lgd_pct>0.0</fx_fctr_lgd_pct>
      <lgd_addon_be_intrnl_ec_pct>0.0</lgd_addon_be_intrnl_ec_pct>
      <lgd_addon_be_intrnl_gva_pct>0.0</lgd_addon_be_intrnl_gva_pct>
      <lgd_addon_be_rglty_pct>0.0</lgd_addon_be_rglty_pct>
      <lgd_dln_rsk_pct>0.0</lgd_dln_rsk_pct>
      <lgd_stlmt_rsk_pct>0.0</lgd_stlmt_rsk_pct>
      <lgd_tot_intrnl_ec_pct>0.0</lgd_tot_intrnl_ec_pct>
      <lgd_tot_intrnl_gva_pct>0.0</lgd_tot_intrnl_gva_pct>
      <lgd_tfrrsk_pct>0.0</lgd_tfrrsk_pct>
      <lgd_unscd_intrnl_ec_pct>0.0</lgd_unscd_intrnl_ec_pct>
      <lgd_unscd_intrnl_gva_pct>0.0</lgd_unscd_intrnl_gva_pct>
      <lgd_unscd_rglty_pct>0.0</lgd_unscd_rglty_pct>
      <loss_id_prd_rat>0.0</loss_id_prd_rat>
      <pd_dln_rsk_pct>0.0</pd_dln_rsk_pct>
      <pd_stlmt_rsk_pct>0.0</pd_stlmt_rsk_pct>
      <pd_tfrrsk_pct>0.0</pd_tfrrsk_pct>
      <taf_intrnl_ec_pct>0.0</taf_intrnl_ec_pct>
      <cres_fac_proc_id>0</cres_fac_proc_id>
      <cres_fac_run_id>0</cres_fac_run_id>
      <t_hdr_id>t_hdr_id</t_hdr_id>
      <t_bus_key_id>t_bus_key_id</t_bus_key_id>
      <t_adjmt_oprn_typ>t_adjmt_oprn_typ</t_adjmt_oprn_typ>
      <t_cdcc_id>t_cdcc_id</t_cdcc_id>
      <t_cdcc_instc_id>t_cdcc_instc_id</t_cdcc_instc_id>
      <t_adjmt_id>t_adjmt_id</t_adjmt_id>
      <t_bus_rptg_dt>2001-01-01</t_bus_rptg_dt>
      <t_feed_file_id>t_feed_file_id</t_feed_file_id>
    </lgcy_fac_agrmt>
  </fac_agrmt><fac_lmt>
    <src_fac_lmt_id>src_fac_lmt_id</src_fac_lmt_id>
    <fac_lmt_src_nme>fac_lmt_src_nme</fac_lmt_src_nme>
    <fac_lmt_sk>fac_lmt_sk</fac_lmt_sk>
    <src_fac_agrmt_id>src_fac_agrmt_id6</src_fac_agrmt_id>
    <fac_agrmt_src_nme>fac_agrmt_src_nme6</fac_agrmt_src_nme>
    <fac_agrmt_sk>fac_agrmt_sk</fac_agrmt_sk>
    <fac_lmt_typ>fac_lmt_typ</fac_lmt_typ>
    <cpty_pty_id>cpty_pty_id</cpty_pty_id>
    <cpty_pty_id_typ>cpty_pty_id_typ</cpty_pty_id_typ>
    <cpty_pty_src_nme>cpty_pty_src_nme</cpty_pty_src_nme>
    <cpty_pty_sk>cpty_pty_sk</cpty_pty_sk>
    <sub_allcn_pty_id>sub_allcn_pty_id</sub_allcn_pty_id>
    <sub_allcn_pty_id_typ>sub_allcn_pty_id_typ</sub_allcn_pty_id_typ>
    <sub_allcn_pty_src_nme>sub_allcn_pty_src_nme</sub_allcn_pty_src_nme>
    <sub_allcn_pty_sk>sub_allcn_pty_sk</sub_allcn_pty_sk>
    <asst_trdg_clse_flg>asst_trdg_clse_flg</asst_trdg_clse_flg>
    <crd_appln_fac_lmt_amt>0.0</crd_appln_fac_lmt_amt>
    <extnl_fac_lmt_amt>0.0</extnl_fac_lmt_amt>
    <fac_lmt_ccy>fac_lmt_ccy</fac_lmt_ccy>
    <fac_lmt_end_dt>2001-01-01</fac_lmt_end_dt>
    <fac_lmt_nxt_ren_dt>2001-01-01</fac_lmt_nxt_ren_dt>
    <fac_lmt_strt_dt>2001-01-01</fac_lmt_strt_dt>
    <fac_lmt_tnr_day_qty>0</fac_lmt_tnr_day_qty>
    <drwdwn_rstcd_ccy>drwdwn_rstcd_ccy</drwdwn_rstcd_ccy>
    <glbl_prod_cd>0</glbl_prod_cd>
    <glbl_prod_sk>glbl_prod_sk</glbl_prod_sk>
    <rds_prod_cd>0</rds_prod_cd>
    <rsk_glbl_prod_cd>0</rsk_glbl_prod_cd>
    <rsk_glbl_prod_sk>rsk_glbl_prod_sk</rsk_glbl_prod_sk>
    <rstcd_flg>rstcd_flg</rstcd_flg>
    <sys_fac_lmt_amt>0.0</sys_fac_lmt_amt>
    <leaf_orgn_unit_id>leaf_orgn_unit_id</leaf_orgn_unit_id>
    <leaf_orgn_unit_id_typ>leaf_orgn_unit_id_typ</leaf_orgn_unit_id_typ>
    <leaf_orgn_unit_src_nme>leaf_orgn_unit_src_nme</leaf_orgn_unit_src_nme>
    <leaf_orgn_unit_sk>leaf_orgn_unit_sk</leaf_orgn_unit_sk>
    <t_hdr_id>t_hdr_id</t_hdr_id>
    <t_bus_key_id>t_bus_key_id</t_bus_key_id>
    <t_adjmt_oprn_typ>t_adjmt_oprn_typ</t_adjmt_oprn_typ>
    <t_cdcc_id>t_cdcc_id</t_cdcc_id>
    <t_cdcc_instc_id>t_cdcc_instc_id</t_cdcc_instc_id>
    <t_adjmt_id>t_adjmt_id</t_adjmt_id>
    <t_bus_rptg_dt>2001-01-01</t_bus_rptg_dt>
    <t_feed_file_id>t_feed_file_id</t_feed_file_id>
    <lgcy_fac_lmt>
      <src_fac_lmt_id>src_fac_lmt_id</src_fac_lmt_id>
      <fac_lmt_src_nme>fac_lmt_src_nme</fac_lmt_src_nme>
      <fac_lmt_sk>fac_lmt_sk</fac_lmt_sk>
      <fac_agrmt_sk>fac_agrmt_sk</fac_agrmt_sk>
      <src_fac_agrmt_id>src_fac_agrmt_id7</src_fac_agrmt_id>
      <fac_agrmt_src_nme>fac_agrmt_src_nme7</fac_agrmt_src_nme>
      <src_pdt_cd>src_pdt_cd</src_pdt_cd>
      <db_pty_brch_lcl_id>db_pty_brch_lcl_id</db_pty_brch_lcl_id>
      <db_pty_brch_cd>db_pty_brch_cd</db_pty_brch_cd>
      <db_ety_ccdb_id>0</db_ety_ccdb_id>
      <lmt_ref_src_nme>lmt_ref_src_nme</lmt_ref_src_nme>
      <pgn_fac_id>0</pgn_fac_id>
      <orgl_cmtd_amt>0.0</orgl_cmtd_amt>
      <grntd_flg>grntd_flg</grntd_flg>
      <lcl_fac_typ>lcl_fac_typ</lcl_fac_typ>
      <last_lmt_rvw_dt>2001-01-01</last_lmt_rvw_dt>
      <lcl_trdg_intnt_indctr>lcl_trdg_intnt_indctr</lcl_trdg_intnt_indctr>
      <ls2_ptf_id>ls2_ptf_id</ls2_ptf_id>
      <src_ubr_prx_cd>src_ubr_prx_cd</src_ubr_prx_cd>
      <lmt_tnr_cd>lmt_tnr_cd</lmt_tnr_cd>
      <grc_pdt>0</grc_pdt>
      <grc_pdt_ifrs>0</grc_pdt_ifrs>
      <rstcd_ccy_indctr>rstcd_ccy_indctr</rstcd_ccy_indctr>
      <cres_fac_lmt_proc_id>0</cres_fac_lmt_proc_id>
      <cres_fac_lmt_run_id>0</cres_fac_lmt_run_id>
      <t_hdr_id>t_hdr_id</t_hdr_id>
      <t_bus_key_id>t_bus_key_id</t_bus_key_id>
      <t_adjmt_oprn_typ>t_adjmt_oprn_typ</t_adjmt_oprn_typ>
      <t_cdcc_id>t_cdcc_id</t_cdcc_id>
      <t_cdcc_instc_id>t_cdcc_instc_id</t_cdcc_instc_id>
      <t_adjmt_id>t_adjmt_id</t_adjmt_id>
      <t_bus_rptg_dt>2001-01-01</t_bus_rptg_dt>
      <t_feed_file_id>t_feed_file_id</t_feed_file_id>
    </lgcy_fac_lmt>
  </fac_lmt><fac_agrmt_pty>
    <src_fac_agrmt_id>src_fac_agrmt_id5</src_fac_agrmt_id>
    <fac_agrmt_src_nme>fac_agrmt_src_nme5</fac_agrmt_src_nme>
    <fac_agrmt_sk>fac_agrmt_sk</fac_agrmt_sk>
    <pty_role_typ>pty_role_typ</pty_role_typ>
    <pty_id>pty_id</pty_id>
    <pty_id_typ>pty_id_typ</pty_id_typ>
    <pty_src_nme>pty_src_nme</pty_src_nme>
    <pty_sk>pty_sk</pty_sk>
    <fac_agrmt_pty_sk>fac_agrmt_pty_sk</fac_agrmt_pty_sk>
    <t_hdr_id>t_hdr_id</t_hdr_id>
    <t_bus_key_id>t_bus_key_id</t_bus_key_id>
    <t_adjmt_oprn_typ>t_adjmt_oprn_typ</t_adjmt_oprn_typ>
    <t_cdcc_id>t_cdcc_id</t_cdcc_id>
    <t_cdcc_instc_id>t_cdcc_instc_id</t_cdcc_instc_id>
    <t_adjmt_id>t_adjmt_id</t_adjmt_id>
    <t_bus_rptg_dt>2001-01-01</t_bus_rptg_dt>
    <t_feed_file_id>t_feed_file_id</t_feed_file_id>
  </fac_agrmt_pty><fac_agrmt_alt_id>
    <src_fac_agrmt_id>src_fac_agrmt_id4</src_fac_agrmt_id>
    <fac_agrmt_src_nme>fac_agrmt_src_nme4</fac_agrmt_src_nme>
    <fac_agrmt_sk>fac_agrmt_sk</fac_agrmt_sk>
    <alt_fac_agrmt_id_typ>alt_fac_agrmt_id_typ</alt_fac_agrmt_id_typ>
    <alt_fac_agrmt_id>alt_fac_agrmt_id</alt_fac_agrmt_id>
    <fac_agrmt_alt_id_src_nme>fac_agrmt_alt_id_src_nme</fac_agrmt_alt_id_src_nme>
    <fac_agrmt_alt_id_sk>fac_agrmt_alt_id_sk</fac_agrmt_alt_id_sk>
    <t_hdr_id>t_hdr_id</t_hdr_id>
    <t_bus_key_id>t_bus_key_id</t_bus_key_id>
    <t_adjmt_oprn_typ>t_adjmt_oprn_typ</t_adjmt_oprn_typ>
    <t_cdcc_id>t_cdcc_id</t_cdcc_id>
    <t_cdcc_instc_id>t_cdcc_instc_id</t_cdcc_instc_id>
    <t_adjmt_id>t_adjmt_id</t_adjmt_id>
    <t_bus_rptg_dt>2001-01-01</t_bus_rptg_dt>
    <t_feed_file_id>t_feed_file_id</t_feed_file_id>
  </fac_agrmt_alt_id></fds:fds_sdr_hdr>
