<?xml version="1.0" encoding="UTF-8"?><fds:fds_sdr_hdr xmlns:xsi="http://www.w3.org/2001/XMLSchema-instance" xmlns:fds="FIM-FDS-DATACLASS-COLLATERAL"><col_dtl>
    <col_agrmt_src_nme>col_agrmt_src_nme7</col_agrmt_src_nme>
    <src_col_agrmt_id>src_col_agrmt_id1</src_col_agrmt_id>
    <col_agrmt_sk>col_agrmt_sk</col_agrmt_sk>
    <col_dtl_id>col_dtl_id</col_dtl_id>
    <col_dtl_sk>col_dtl_sk</col_dtl_sk>
    <prvr_pty_id>prvr_pty_id</prvr_pty_id>
    <prvr_pty_id_typ>prvr_pty_id_typ</prvr_pty_id_typ>
    <prvr_pty_src_nme>prvr_pty_src_nme</prvr_pty_src_nme>
    <prvr_pty_sk>prvr_pty_sk</prvr_pty_sk>
    <cstn_pty_id>cstn_pty_id</cstn_pty_id>
    <cstn_pty_id_typ>cstn_pty_id_typ</cstn_pty_id_typ>
    <cstn_pty_src_nme>cstn_pty_src_nme</cstn_pty_src_nme>
    <cstn_pty_sk>cstn_pty_sk</cstn_pty_sk>
    <bkg_ami_pty_id>bkg_ami_pty_id</bkg_ami_pty_id>
    <bkg_ami_pty_id_typ>bkg_ami_pty_id_typ</bkg_ami_pty_id_typ>
    <bkg_ami_pty_src_nme>bkg_ami_pty_src_nme</bkg_ami_pty_src_nme>
    <bkg_ami_pty_sk>bkg_ami_pty_sk</bkg_ami_pty_sk>
    <col_typ>col_typ</col_typ>
    <dpst_typ_indctr>dpst_typ_indctr</dpst_typ_indctr>
    <col_val_ccy>col_val_ccy</col_val_ccy>
    <mtm_val_pst_hrct_amt>0.0</mtm_val_pst_hrct_amt>
    <mtm_val_pre_hrct_amt>0.0</mtm_val_pre_hrct_amt>
    <prvr_shrd_liaby_pct>0.0</prvr_shrd_liaby_pct>
    <notl_amt>0.0</notl_amt>
    <notl_ccy>notl_ccy</notl_ccy>
    <plgd_act_id>plgd_act_id</plgd_act_id>
    <plgd_act_src_nme>plgd_act_src_nme</plgd_act_src_nme>
    <plgd_secy_qty>0</plgd_secy_qty>
    <rsk_ctry_geo_pltcl_unit_id>rsk_ctry_geo_pltcl_unit_id</rsk_ctry_geo_pltcl_unit_id>
    <rsk_ctry_geo_pltcl_unit_typ>rsk_ctry_geo_pltcl_unit_typ</rsk_ctry_geo_pltcl_unit_typ>
    <rsk_ctry_gpu_sk>rsk_ctry_gpu_sk</rsk_ctry_gpu_sk>
    <asst_val_eq_rnk_amt>0.0</asst_val_eq_rnk_amt>
    <pri_chrg_wo_int_amt>0.0</pri_chrg_wo_int_amt>
    <valn_dt>2001-01-01</valn_dt>
    <rsk_typ_indctr>rsk_typ_indctr</rsk_typ_indctr>
    <rsk_wghtg_cd>rsk_wghtg_cd</rsk_wghtg_cd>
    <prrty_rnk>0</prrty_rnk>
    <rehyp_right_indctr>rehyp_right_indctr</rehyp_right_indctr>
    <prn_col_flg>prn_col_flg</prn_col_flg>
    <cert_ttl_stus_flg>cert_ttl_stus_flg</cert_ttl_stus_flg>
    <col_stlmt_indctr>col_stlmt_indctr</col_stlmt_indctr>
    <col_stus_typ>col_stus_typ</col_stus_typ>
    <gen_col_flg>gen_col_flg</gen_col_flg>
    <ins_id>ins_id</ins_id>
    <ins_id_typ>ins_id_typ</ins_id_typ>
    <ins_src_nme>ins_src_nme</ins_src_nme>
    <ins_sk>ins_sk</ins_sk>
    <cas_id>cas_id</cas_id>
    <cas_id_typ>cas_id_typ</cas_id_typ>
    <cas_src_nme>cas_src_nme</cas_src_nme>
    <mrgn_typ>mrgn_typ</mrgn_typ>
    <t_hdr_id>t_hdr_id</t_hdr_id>
    <t_bus_key_id>t_bus_key_id</t_bus_key_id>
    <t_adjmt_oprn_typ>t_adjmt_oprn_typ</t_adjmt_oprn_typ>
    <t_cdcc_id>t_cdcc_id</t_cdcc_id>
    <t_cdcc_instc_id>t_cdcc_instc_id</t_cdcc_instc_id>
    <t_adjmt_id>t_adjmt_id</t_adjmt_id>
    <t_bus_rptg_dt>2001-01-01</t_bus_rptg_dt>
    <t_feed_file_id>t_feed_file_id</t_feed_file_id>
    <lgcy_col_dtl>
      <col_agrmt_src_nme>col_agrmt_src_nme8</col_agrmt_src_nme>
      <src_col_agrmt_id>src_col_agrmt_id9</src_col_agrmt_id>
      <col_agrmt_sk>col_agrmt_sk</col_agrmt_sk>
      <col_dtl_id>col_dtl_id</col_dtl_id>
      <col_dtl_sk>col_dtl_sk</col_dtl_sk>
      <sox_ref_cd>sox_ref_cd</sox_ref_cd>
      <issr_pty_id>issr_pty_id</issr_pty_id>
      <issr_pty_id_typ>issr_pty_id_typ</issr_pty_id_typ>
      <issr_pty_src_nme>issr_pty_src_nme</issr_pty_src_nme>
      <issr_pty_sk>issr_pty_sk</issr_pty_sk>
      <issr_ccdb_id>0</issr_ccdb_id>
      <cstn_ccdb_id>0</cstn_ccdb_id>
      <prvr_ccdb_id>0</prvr_ccdb_id>
      <pgn_col_id>0</pgn_col_id>
      <pgn_asst_gty_id>pgn_asst_gty_id</pgn_asst_gty_id>
      <src_col_typ>src_col_typ</src_col_typ>
      <rsk_eng_dstn_grp>rsk_eng_dstn_grp</rsk_eng_dstn_grp>
      <rsk_eng_dstn_prrty>0</rsk_eng_dstn_prrty>
      <col_mty_dt>2001-01-01</col_mty_dt>
      <src_rsk_ctry_cd>src_rsk_ctry_cd</src_rsk_ctry_cd>
      <rsk_buba_ctry_cd>rsk_buba_ctry_cd</rsk_buba_ctry_cd>
      <col_secy_typ>0</col_secy_typ>
      <intrnl_cstn_indctr>intrnl_cstn_indctr</intrnl_cstn_indctr>
      <ulng_issr_nme>ulng_issr_nme</ulng_issr_nme>
      <cres_cas_proc_id>0</cres_cas_proc_id>
      <cres_cas_run_id>0</cres_cas_run_id>
      <cres_col_prvr_proc_id>0</cres_col_prvr_proc_id>
      <cres_col_prvr_run_id>0</cres_col_prvr_run_id>
      <t_hdr_id>t_hdr_id</t_hdr_id>
      <t_bus_key_id>t_bus_key_id</t_bus_key_id>
      <t_adjmt_oprn_typ>t_adjmt_oprn_typ</t_adjmt_oprn_typ>
      <t_cdcc_id>t_cdcc_id</t_cdcc_id>
      <t_cdcc_instc_id>t_cdcc_instc_id</t_cdcc_instc_id>
      <t_adjmt_id>t_adjmt_id</t_adjmt_id>
      <t_bus_rptg_dt>2001-01-01</t_bus_rptg_dt>
      <t_feed_file_id>t_feed_file_id</t_feed_file_id>
    </lgcy_col_dtl>
  </col_dtl><col_covg_lnkge>
    <col_covg_lnkge_sk>col_covg_lnkge_sk</col_covg_lnkge_sk>
    <col_covg_lnkge_src_nme>col_covg_lnkge_src_nme</col_covg_lnkge_src_nme>
    <col_agrmt_src_nme>col_agrmt_src_nme7</col_agrmt_src_nme>
    <src_col_agrmt_id>src_col_agrmt_id</src_col_agrmt_id>
    <src_col_covg_lnkge_id>src_col_covg_lnkge_id</src_col_covg_lnkge_id>
    <col_agrmt_sk>col_agrmt_sk</col_agrmt_sk>
    <covg_typ_indctr>covg_typ_indctr</covg_typ_indctr>
    <src_fac_agrmt_id>src_fac_agrmt_id1</src_fac_agrmt_id>
    <fac_agrmt_src_nme>fac_agrmt_src_nme1</fac_agrmt_src_nme>
    <fac_agrmt_sk>fac_agrmt_sk</fac_agrmt_sk>
    <src_fac_lmt_id>src_fac_lmt_id</src_fac_lmt_id>
    <fac_lmt_src_nme>fac_lmt_src_nme</fac_lmt_src_nme>
    <fac_lmt_sk>fac_lmt_sk</fac_lmt_sk>
    <rsk_glbl_prod_cd>0</rsk_glbl_prod_cd>
    <rsk_glbl_prod_sk>rsk_glbl_prod_sk</rsk_glbl_prod_sk>
    <cpty_pty_id>cpty_pty_id</cpty_pty_id>
    <cpty_pty_id_typ>cpty_pty_id_typ</cpty_pty_id_typ>
    <cpty_pty_src_nme>cpty_pty_src_nme</cpty_pty_src_nme>
    <cpty_pty_sk>cpty_pty_sk</cpty_pty_sk>
    <src_legl_agrmt_id>src_legl_agrmt_id</src_legl_agrmt_id>
    <legl_agrmt_src_nme>legl_agrmt_src_nme</legl_agrmt_src_nme>
    <legl_agrmt_sk>legl_agrmt_sk</legl_agrmt_sk>
    <src_cont_id>src_cont_id</src_cont_id>
    <cont_src_nme>cont_src_nme</cont_src_nme>
    <abs_clo_tx_id>abs_clo_tx_id</abs_clo_tx_id>
    <abs_clo_tx_id_src_nme>abs_clo_tx_id_src_nme</abs_clo_tx_id_src_nme>
    <cont_sk>cont_sk</cont_sk>
    <cold_dlvy_id>cold_dlvy_id</cold_dlvy_id>
    <t_hdr_id>t_hdr_id</t_hdr_id>
    <t_bus_key_id>t_bus_key_id</t_bus_key_id>
    <t_adjmt_oprn_typ>t_adjmt_oprn_typ</t_adjmt_oprn_typ>
    <t_cdcc_id>t_cdcc_id</t_cdcc_id>
    <t_cdcc_instc_id>t_cdcc_instc_id</t_cdcc_instc_id>
    <t_adjmt_id>t_adjmt_id</t_adjmt_id>
    <t_bus_rptg_dt>2001-01-01</t_bus_rptg_dt>
    <t_feed_file_id>t_feed_file_id</t_feed_file_id>
    <lgcy_col_covg_lkg>
      <src_col_covg_lnkge_id>src_col_covg_lnkge_id</src_col_covg_lnkge_id>
      <col_agrmt_src_nme>col_agrmt_src_nme1</col_agrmt_src_nme>
      <src_col_agrmt_id>src_col_agrmt_id12</src_col_agrmt_id>
      <covg_typ_indctr>covg_typ_indctr</covg_typ_indctr>
      <col_covg_lnkge_sk>col_covg_lnkge_sk</col_covg_lnkge_sk>
      <col_agrmt_sk>col_agrmt_sk</col_agrmt_sk>
      <sox_ref_cd>sox_ref_cd</sox_ref_cd>
      <src_pdt_cd>src_pdt_cd</src_pdt_cd>
      <cpty_ccdb_id>0</cpty_ccdb_id>
      <mstr_mstr_agrmt_id>mstr_mstr_agrmt_id</mstr_mstr_agrmt_id>
      <wild_card_id>wild_card_id</wild_card_id>
      <grc_pdt>0</grc_pdt>
      <cres_cltn_proc_id>0</cres_cltn_proc_id>
      <cres_cltn_run_id>0</cres_cltn_run_id>
      <t_hdr_id>t_hdr_id</t_hdr_id>
      <t_bus_key_id>t_bus_key_id</t_bus_key_id>
      <t_adjmt_oprn_typ>t_adjmt_oprn_typ</t_adjmt_oprn_typ>
      <t_cdcc_id>t_cdcc_id</t_cdcc_id>
      <t_cdcc_instc_id>t_cdcc_instc_id</t_cdcc_instc_id>
      <t_adjmt_id>t_adjmt_id</t_adjmt_id>
      <t_bus_rptg_dt>2001-01-01</t_bus_rptg_dt>
      <t_feed_file_id>t_feed_file_id</t_feed_file_id>
    </lgcy_col_covg_lkg>
  </col_covg_lnkge><col_agrmt>
    <cdcc_id>cdcc_id</cdcc_id>
    <cdcc_instc_id>cdcc_instc_id</cdcc_instc_id>
    <adjmt_id>adjmt_id</adjmt_id>
    <col_agrmt_sk>col_agrmt_sk</col_agrmt_sk>
    <col_agrmt_src_nme>col_agrmt_src_nme7</col_agrmt_src_nme>
    <src_col_agrmt_id>src_col_agrmt_id</src_col_agrmt_id>
    <initg_cust_pty_id>initg_cust_pty_id</initg_cust_pty_id>
    <initg_cust_pty_id_typ>initg_cust_pty_id_typ</initg_cust_pty_id_typ>
    <initg_cust_src_nme>initg_cust_src_nme</initg_cust_src_nme>
    <initg_cust_pty_sk>initg_cust_pty_sk</initg_cust_pty_sk>
    <rcvd_flg>rcvd_flg</rcvd_flg>
    <col_agrmt_stus_cd>col_agrmt_stus_cd</col_agrmt_stus_cd>
    <col_agrmt_strt_dt>2001-01-01</col_agrmt_strt_dt>
    <col_agrmt_end_dt>2001-01-01</col_agrmt_end_dt>
    <col_agrmt_expy_typ>col_agrmt_expy_typ</col_agrmt_expy_typ>
    <col_rglty_flg>col_rglty_flg</col_rglty_flg>
    <col_rstrctn_gaap_indctr>col_rstrctn_gaap_indctr</col_rstrctn_gaap_indctr>
    <liqn_costs_int_covd_indctr>liqn_costs_int_covd_indctr</liqn_costs_int_covd_indctr>
    <covg_lvl_pct>0.0</covg_lvl_pct>
    <notl_amt>0.0</notl_amt>
    <notl_ccy>notl_ccy</notl_ccy>
    <trd_qty>0</trd_qty>
    <trdg_bk_indctr>trdg_bk_indctr</trdg_bk_indctr>
    <valn_dt>2001-01-01</valn_dt>
    <rvlvg_indctr>rvlvg_indctr</rvlvg_indctr>
    <db_thrhd_typ>db_thrhd_typ</db_thrhd_typ>
    <db_thrhd_amt>0.0</db_thrhd_amt>
    <db_thrhd_ccy>db_thrhd_ccy</db_thrhd_ccy>
    <db_min_tfr_amt>0.0</db_min_tfr_amt>
    <clnt_thrhd_typ>clnt_thrhd_typ</clnt_thrhd_typ>
    <clnt_thrhd_amt>0.0</clnt_thrhd_amt>
    <clnt_thrhd_ccy>clnt_thrhd_ccy</clnt_thrhd_ccy>
    <clnt_min_tfr_amt>0.0</clnt_min_tfr_amt>
    <indp_amt>0.0</indp_amt>
    <indp_ptf_amt>0.0</indp_ptf_amt>
    <indp_trd_amt>0.0</indp_trd_amt>
    <indp_ccy>indp_ccy</indp_ccy>
    <init_mrgn_rqmt_amt>0.0</init_mrgn_rqmt_amt>
    <mrgn_disputed_amt>0.0</mrgn_disputed_amt>
    <t_hdr_id>t_hdr_id</t_hdr_id>
    <t_bus_key_id>t_bus_key_id</t_bus_key_id>
    <t_adjmt_oprn_typ>t_adjmt_oprn_typ</t_adjmt_oprn_typ>
    <t_bus_rptg_dt>2001-01-01</t_bus_rptg_dt>
    <t_feed_file_id>t_feed_file_id</t_feed_file_id>
    <lgcy_col_agrmt>
      <col_agrmt_src_nme>col_agrmt_src_nme1</col_agrmt_src_nme>
      <src_col_agrmt_id>src_col_agrmt_id12</src_col_agrmt_id>
      <col_agrmt_sk>col_agrmt_sk</col_agrmt_sk>
      <sox_ref_cd>sox_ref_cd</sox_ref_cd>
      <ifrs_sti>ifrs_sti</ifrs_sti>
      <grc_col_typ>grc_col_typ</grc_col_typ>
      <src_col_typ>src_col_typ</src_col_typ>
      <db_ety_brch_lcl_id>db_ety_brch_lcl_id</db_ety_brch_lcl_id>
      <db_ety_ccdb_id>0</db_ety_ccdb_id>
      <db_ety_brch_cd>db_ety_brch_cd</db_ety_brch_cd>
      <mtm_val_pre_hrct_amt>0.0</mtm_val_pre_hrct_amt>
      <mtm_val_pst_hrct_amt>0.0</mtm_val_pst_hrct_amt>
      <mtm_ccy>mtm_ccy</mtm_ccy>
      <pgn_col_id>0</pgn_col_id>
      <prrty_rnk>0</prrty_rnk>
      <pri_chrg_wo_int_amt>0.0</pri_chrg_wo_int_amt>
      <rsk_typ_indctr>rsk_typ_indctr</rsk_typ_indctr>
      <wild_card_id>wild_card_id</wild_card_id>
      <cres_col_proc_id>0</cres_col_proc_id>
      <cres_col_run_id>0</cres_col_run_id>
      <t_hdr_id>t_hdr_id</t_hdr_id>
      <t_bus_key_id>t_bus_key_id</t_bus_key_id>
      <t_adjmt_oprn_typ>t_adjmt_oprn_typ</t_adjmt_oprn_typ>
      <t_cdcc_id>t_cdcc_id</t_cdcc_id>
      <t_cdcc_instc_id>t_cdcc_instc_id</t_cdcc_instc_id>
      <t_adjmt_id>t_adjmt_id</t_adjmt_id>
      <t_bus_rptg_dt>2001-01-01</t_bus_rptg_dt>
      <t_feed_file_id>t_feed_file_id</t_feed_file_id>
    </lgcy_col_agrmt>
  </col_agrmt><col_wrkt>
    <col_agrmt_src_nme>col_agrmt_src_nme5</col_agrmt_src_nme>
    <src_col_agrmt_id>src_col_agrmt_id5</src_col_agrmt_id>
    <col_agrmt_sk>col_agrmt_sk</col_agrmt_sk>
    <rcvy_secd_amt>0.0</rcvy_secd_amt>
    <rcvy_secd_ccy>rcvy_secd_ccy</rcvy_secd_ccy>
    <rcvy_finld_flg>rcvy_finld_flg</rcvy_finld_flg>
    <rcvy_pct>0.0</rcvy_pct>
    <rcvy_prcds_rflct_mkt_val_flg>rcvy_prcds_rflct_mkt_val_flg</rcvy_prcds_rflct_mkt_val_flg>
    <liqn_strtg_dt>2001-01-01</liqn_strtg_dt>
    <secd_amt>0.0</secd_amt>
    <t_hdr_id>t_hdr_id</t_hdr_id>
    <t_bus_key_id>t_bus_key_id</t_bus_key_id>
    <t_adjmt_oprn_typ>t_adjmt_oprn_typ</t_adjmt_oprn_typ>
    <t_cdcc_id>t_cdcc_id</t_cdcc_id>
    <t_cdcc_instc_id>t_cdcc_instc_id</t_cdcc_instc_id>
    <t_adjmt_id>t_adjmt_id</t_adjmt_id>
    <t_bus_rptg_dt>2001-01-01</t_bus_rptg_dt>
    <t_feed_file_id>t_feed_file_id</t_feed_file_id>
    <lgcy_col_wrkt>
      <col_agrmt_src_nme>col_agrmt_src_nme0</col_agrmt_src_nme>
      <src_col_agrmt_id>src_col_agrmt_id0</src_col_agrmt_id>
      <col_agrmt_sk>col_agrmt_sk</col_agrmt_sk>
      <costs_int_covd_flg>costs_int_covd_flg</costs_int_covd_flg>
      <dflt_dt>2001-01-01</dflt_dt>
      <rtn_discd_dflt_dt>2001-01-01</rtn_discd_dflt_dt>
      <rtn_discd_dflt_dt_ccy>rtn_discd_dflt_dt_ccy</rtn_discd_dflt_dt_ccy>
      <t_hdr_id>t_hdr_id</t_hdr_id>
      <t_bus_key_id>t_bus_key_id</t_bus_key_id>
      <t_adjmt_oprn_typ>t_adjmt_oprn_typ</t_adjmt_oprn_typ>
      <t_cdcc_id>t_cdcc_id</t_cdcc_id>
      <t_cdcc_instc_id>t_cdcc_instc_id</t_cdcc_instc_id>
      <t_adjmt_id>t_adjmt_id</t_adjmt_id>
      <t_bus_rptg_dt>2001-01-01</t_bus_rptg_dt>
      <t_feed_file_id>t_feed_file_id</t_feed_file_id>
    </lgcy_col_wrkt>
  </col_wrkt></fds:fds_sdr_hdr>
