<?xml version="1.0" encoding="UTF-8"?><fds:fds_sdr_hdr xmlns:xsi="http://www.w3.org/2001/XMLSchema-instance" xmlns:fds="FIM-FDS-DATACLASS-PARTY"><pty>
    <cdcc_id>cdcc_id</cdcc_id>
    <cdcc_instc_id>cdcc_instc_id</cdcc_instc_id>
    <adjmt_id>adjmt_id</adjmt_id>
    <pty_id>pty_id</pty_id>
    <pty_id_typ>pty_id_typ</pty_id_typ>
    <pty_src_nme>pty_src_nme</pty_src_nme>
    <pty_sk>pty_sk</pty_sk>
    <lcl_bus_id>lcl_bus_id</lcl_bus_id>
    <respl_crd_offr_cd>respl_crd_offr_cd</respl_crd_offr_cd>
    <act_mgr_cd>act_mgr_cd</act_mgr_cd>
    <cpty_bus_divn_cd>cpty_bus_divn_cd</cpty_bus_divn_cd>
    <in_dflt_flg>in_dflt_flg</in_dflt_flg>
    <spe_agcy_indctr>spe_agcy_indctr</spe_agcy_indctr>
    <incrpn_dt>2001-01-01</incrpn_dt>
    <pty_stus_indctr>pty_stus_indctr</pty_stus_indctr>
    <pty_typ>pty_typ</pty_typ>
    <shrt_nme>shrt_nme</shrt_nme>
    <legl_nme>legl_nme</legl_nme>
    <ec_clsn_cd>ec_clsn_cd</ec_clsn_cd>
    <incrpn_ctry_geo_pltcl_unit_id>incrpn_ctry_geo_pltcl_unit_id</incrpn_ctry_geo_pltcl_unit_id>
    <incrpn_ctry_geo_pltcl_unit_typ>incrpn_ctry_geo_pltcl_unit_typ</incrpn_ctry_geo_pltcl_unit_typ>
    <incrpn_ctry_gpu_sk>incrpn_ctry_gpu_sk</incrpn_ctry_gpu_sk>
    <dmcle_ctry_geo_pltcl_unit_id>dmcle_ctry_geo_pltcl_unit_id</dmcle_ctry_geo_pltcl_unit_id>
    <dmcle_ctry_geo_pltcl_unit_typ>dmcle_ctry_geo_pltcl_unit_typ</dmcle_ctry_geo_pltcl_unit_typ>
    <dmcle_ctry_gpu_sk>dmcle_ctry_gpu_sk</dmcle_ctry_gpu_sk>
    <dmcle_ctry_subdvsn_gp_unit_id>dmcle_ctry_subdvsn_gp_unit_id</dmcle_ctry_subdvsn_gp_unit_id>
    <dmcle_ctry_subdvsn_gp_unit_typ>dmcle_ctry_subdvsn_gp_unit_typ</dmcle_ctry_subdvsn_gp_unit_typ>
    <dmcle_ctry_subdvsn_gpu_sk>dmcle_ctry_subdvsn_gpu_sk</dmcle_ctry_subdvsn_gpu_sk>
    <rsk_ctry_geo_pltcl_unit_id>rsk_ctry_geo_pltcl_unit_id</rsk_ctry_geo_pltcl_unit_id>
    <rsk_ctry_geo_pltcl_unit_typ>rsk_ctry_geo_pltcl_unit_typ</rsk_ctry_geo_pltcl_unit_typ>
    <rsk_ctry_gpu_sk>rsk_ctry_gpu_sk</rsk_ctry_gpu_sk>
    <crms_prtnr_id>crms_prtnr_id</crms_prtnr_id>
    <crms_orgn_bus_grp_nme>crms_orgn_bus_grp_nme</crms_orgn_bus_grp_nme>
    <pgn_crd_lcn_desc>pgn_crd_lcn_desc</pgn_crd_lcn_desc>
    <pgn_econ_grp_orgn_id>0</pgn_econ_grp_orgn_id>
    <pgn_respy_desc>pgn_respy_desc</pgn_respy_desc>
    <legl_stus_typ>legl_stus_typ</legl_stus_typ>
    <mskd_flg>mskd_flg</mskd_flg>
    <erf_cd>erf_cd</erf_cd>
    <erf_mthdy_typ>erf_mthdy_typ</erf_mthdy_typ>
    <erf_src_nme>erf_src_nme</erf_src_nme>
    <fitch_ibca_rtng_cd>fitch_ibca_rtng_cd</fitch_ibca_rtng_cd>
    <fitch_ibca_rtng_dt>2001-01-01</fitch_ibca_rtng_dt>
    <fitch_ibca_rtng_watch_cd>fitch_ibca_rtng_watch_cd</fitch_ibca_rtng_watch_cd>
    <mood_rtng_cd>mood_rtng_cd</mood_rtng_cd>
    <mood_rtng_dt>2001-01-01</mood_rtng_dt>
    <mood_rtng_watch_cd>mood_rtng_watch_cd</mood_rtng_watch_cd>
    <sp_rtng_cd>sp_rtng_cd</sp_rtng_cd>
    <sp_rtng_dt>2001-01-01</sp_rtng_dt>
    <sp_rtng_watch_cd>sp_rtng_watch_cd</sp_rtng_watch_cd>
    <cpty_rsk_fctr_10_cd>cpty_rsk_fctr_10_cd</cpty_rsk_fctr_10_cd>
    <cpty_rsk_fctr_10_calcn_dt>2001-01-01</cpty_rsk_fctr_10_calcn_dt>
    <cpty_rsk_fctr_26_cd>cpty_rsk_fctr_26_cd</cpty_rsk_fctr_26_cd>
    <cpty_rsk_fctr_26_calcn_dt>2001-01-01</cpty_rsk_fctr_26_calcn_dt>
    <cpty_rsk_fctr_26_aprvl_dt>2001-01-01</cpty_rsk_fctr_26_aprvl_dt>
    <cpty_rsk_fctr_mthdy_typ>cpty_rsk_fctr_mthdy_typ</cpty_rsk_fctr_mthdy_typ>
    <cpty_rsk_fctr_src_nme>cpty_rsk_fctr_src_nme</cpty_rsk_fctr_src_nme>
    <irc_rtng_cd>irc_rtng_cd</irc_rtng_cd>
    <irc_rtng_src_nme>irc_rtng_src_nme</irc_rtng_src_nme>
    <irc_rcvy_rte>0.0</irc_rcvy_rte>
    <dbrs_rtng_cd>dbrs_rtng_cd</dbrs_rtng_cd>
    <dbrs_rtng_dt>2001-01-01</dbrs_rtng_dt>
    <extnl_rtng_othr_cd>extnl_rtng_othr_cd</extnl_rtng_othr_cd>
    <intrnl_rtng_othr_cd>intrnl_rtng_othr_cd</intrnl_rtng_othr_cd>
    <intrnl_rtng_dt>2001-01-01</intrnl_rtng_dt>
    <nxt_rvw_dt>2001-01-01</nxt_rvw_dt>
    <buba_cd>buba_cd</buba_cd>
    <db_lcl_indtry_cd>db_lcl_indtry_cd</db_lcl_indtry_cd>
    <dpndnt_nace_cd>dpndnt_nace_cd</dpndnt_nace_cd>
    <legety_nace_cd>legety_nace_cd</legety_nace_cd>
    <pty_nace_cd>pty_nace_cd</pty_nace_cd>
    <sic_cd>sic_cd</sic_cd>
    <db_sic_cd>db_sic_cd</db_sic_cd>
    <pgn_indtry_batch_cd>pgn_indtry_batch_cd</pgn_indtry_batch_cd>
    <sic_2003_cd>sic_2003_cd</sic_2003_cd>
    <sic_2007_cd>sic_2007_cd</sic_2007_cd>
    <bloom_indtry_cd>bloom_indtry_cd</bloom_indtry_cd>
    <basel3_pty_typ>basel3_pty_typ</basel3_pty_typ>
    <secsn_spv_flg>secsn_spv_flg</secsn_spv_flg>
    <secsd_ln_prps_cd>secsd_ln_prps_cd</secsd_ln_prps_cd>
    <tfr_limitation_flg>tfr_limitation_flg</tfr_limitation_flg>
    <intrnl_extnl_pty_indctr>intrnl_extnl_pty_indctr</intrnl_extnl_pty_indctr>
    <t_hdr_id>t_hdr_id</t_hdr_id>
    <t_bus_key_id>t_bus_key_id</t_bus_key_id>
    <t_adjmt_oprn_typ>t_adjmt_oprn_typ</t_adjmt_oprn_typ>
    <t_bus_rptg_dt>2001-01-01</t_bus_rptg_dt>
    <t_feed_file_id>t_feed_file_id</t_feed_file_id>
    <db_pty>
      <pty_sk>pty_sk</pty_sk>
      <ifrs_gaap_cnsln_flg>ifrs_gaap_cnsln_flg</ifrs_gaap_cnsln_flg>
      <hgb_gaap_cnsln_flg>hgb_gaap_cnsln_flg</hgb_gaap_cnsln_flg>
      <usgp_cnsln_flg>usgp_cnsln_flg</usgp_cnsln_flg>
      <lcl_gaap_cnsln_flg>lcl_gaap_cnsln_flg</lcl_gaap_cnsln_flg>
      <funcl_ccy>funcl_ccy</funcl_ccy>
      <rwa_cnsln_flg>rwa_cnsln_flg</rwa_cnsln_flg>
      <bac_mgr_diry_id>0</bac_mgr_diry_id>
      <bac_mgr_diry_sk>bac_mgr_diry_sk</bac_mgr_diry_sk>
      <emp_flg>emp_flg</emp_flg>
      <t_hdr_id>t_hdr_id</t_hdr_id>
      <t_bus_key_id>t_bus_key_id</t_bus_key_id>
      <t_adjmt_oprn_typ>t_adjmt_oprn_typ</t_adjmt_oprn_typ>
      <t_cdcc_id>t_cdcc_id</t_cdcc_id>
      <t_cdcc_instc_id>t_cdcc_instc_id</t_cdcc_instc_id>
      <t_adjmt_id>t_adjmt_id</t_adjmt_id>
      <t_bus_rptg_dt>2001-01-01</t_bus_rptg_dt>
      <t_feed_file_id>t_feed_file_id</t_feed_file_id>
    </db_pty>
    <emp_benft_ststcs>
      <pty_sk>pty_sk</pty_sk>
      <emp_benft_typ>emp_benft_typ</emp_benft_typ>
      <emp_benft_ststcs_sk>emp_benft_ststcs_sk</emp_benft_ststcs_sk>
      <benft_amt>0.0</benft_amt>
      <benft_ccy>benft_ccy</benft_ccy>
      <t_hdr_id>t_hdr_id</t_hdr_id>
      <t_bus_key_id>t_bus_key_id</t_bus_key_id>
      <t_adjmt_oprn_typ>t_adjmt_oprn_typ</t_adjmt_oprn_typ>
      <t_cdcc_id>t_cdcc_id</t_cdcc_id>
      <t_cdcc_instc_id>t_cdcc_instc_id</t_cdcc_instc_id>
      <t_adjmt_id>t_adjmt_id</t_adjmt_id>
      <t_bus_rptg_dt>2001-01-01</t_bus_rptg_dt>
      <t_feed_file_id>t_feed_file_id</t_feed_file_id>
    </emp_benft_ststcs>
    <emp_shr_schm>
      <pty_sk>pty_sk</pty_sk>
      <eqty_plan_typ>eqty_plan_typ</eqty_plan_typ>
      <emp_shr_schm_sk>emp_shr_schm_sk</emp_shr_schm_sk>
      <eqty_plan_nme>eqty_plan_nme</eqty_plan_nme>
      <t_hdr_id>t_hdr_id</t_hdr_id>
      <t_bus_key_id>t_bus_key_id</t_bus_key_id>
      <t_adjmt_oprn_typ>t_adjmt_oprn_typ</t_adjmt_oprn_typ>
      <t_cdcc_id>t_cdcc_id</t_cdcc_id>
      <t_cdcc_instc_id>t_cdcc_instc_id</t_cdcc_instc_id>
      <t_adjmt_id>t_adjmt_id</t_adjmt_id>
      <t_bus_rptg_dt>2001-01-01</t_bus_rptg_dt>
      <t_feed_file_id>t_feed_file_id</t_feed_file_id>
      <emp_shr_annual>
        <grant_yr_no>0</grant_yr_no>
      </emp_shr_annual>
    </emp_shr_schm>
    <legety_shldg>
      <orgn_unit_id>orgn_unit_id</orgn_unit_id>
      <orgn_unit_id_typ>orgn_unit_id_typ</orgn_unit_id_typ>
      <orgn_unit_src_nme>orgn_unit_src_nme</orgn_unit_src_nme>
      <orgn_unit_sk>orgn_unit_sk</orgn_unit_sk>
      <pty_sk>pty_sk</pty_sk>
      <ins_id>ins_id</ins_id>
      <ins_id_typ>ins_id_typ</ins_id_typ>
      <ins_src_nme>ins_src_nme</ins_src_nme>
      <ins_sk>ins_sk</ins_sk>
      <legety_shldg_sk>legety_shldg_sk</legety_shldg_sk>
      <shares_ownd_qty>0</shares_ownd_qty>
      <avg_prc_paid_per_shr_amt>0.0</avg_prc_paid_per_shr_amt>
      <tot_shares_purchased_qty>0</tot_shares_purchased_qty>
      <tot_shares_sold_qty>0</tot_shares_sold_qty>
      <t_hdr_id>t_hdr_id</t_hdr_id>
      <t_bus_key_id>t_bus_key_id</t_bus_key_id>
      <t_adjmt_oprn_typ>t_adjmt_oprn_typ</t_adjmt_oprn_typ>
      <t_cdcc_id>t_cdcc_id</t_cdcc_id>
      <t_cdcc_instc_id>t_cdcc_instc_id</t_cdcc_instc_id>
      <t_adjmt_id>t_adjmt_id</t_adjmt_id>
      <t_bus_rptg_dt>2001-01-01</t_bus_rptg_dt>
      <t_feed_file_id>t_feed_file_id</t_feed_file_id>
    </legety_shldg>
    <lgcy_pty>
      <pty_sk>pty_sk</pty_sk>
      <sox_ref_cd>sox_ref_cd</sox_ref_cd>
      <data_last_chng_dt>2001-01-01</data_last_chng_dt>
      <lcl_cpty_nme>lcl_cpty_nme</lcl_cpty_nme>
      <lcl_cpty_clsn_1_cd>lcl_cpty_clsn_1_cd</lcl_cpty_clsn_1_cd>
      <lcl_cpty_clsn_2_cd>lcl_cpty_clsn_2_cd</lcl_cpty_clsn_2_cd>
      <lcl_cust_orgn_cd>lcl_cust_orgn_cd</lcl_cust_orgn_cd>
      <dmcle_buba_ctry_cd>dmcle_buba_ctry_cd</dmcle_buba_ctry_cd>
      <src_dmcle_ctry_code>src_dmcle_ctry_code</src_dmcle_ctry_code>
      <src_incrpn_ctry_cd>src_incrpn_ctry_cd</src_incrpn_ctry_cd>
      <incrpn_buba_ctry_cd>incrpn_buba_ctry_cd</incrpn_buba_ctry_cd>
      <incrpn_buba_city_nme>incrpn_buba_city_nme</incrpn_buba_city_nme>
      <ultmt_prnt_dmcle_ctry_cd>ultmt_prnt_dmcle_ctry_cd</ultmt_prnt_dmcle_ctry_cd>
      <pool_id>pool_id</pool_id>
      <pool_rng_desc>pool_rng_desc</pool_rng_desc>
      <cpty_clsn_typ>cpty_clsn_typ</cpty_clsn_typ>
      <knzs>0</knzs>
      <rsk_buba_ctry_cd>rsk_buba_ctry_cd</rsk_buba_ctry_cd>
      <sub_ptf_ld>sub_ptf_ld</sub_ptf_ld>
      <tfr_act_no>tfr_act_no</tfr_act_no>
      <lgd_intrnl_ec_pct>0.0</lgd_intrnl_ec_pct>
      <lgd_intrnl_gva_pct>0.0</lgd_intrnl_gva_pct>
      <lgd_rglty_pct>0.0</lgd_rglty_pct>
      <ctry_fctr_intrnl_ec_cd>ctry_fctr_intrnl_ec_cd</ctry_fctr_intrnl_ec_cd>
      <indtry_fctr_intrnl_ec_cd>indtry_fctr_intrnl_ec_cd</indtry_fctr_intrnl_ec_cd>
      <mig_cls_intrnl_ec_cd>mig_cls_intrnl_ec_cd</mig_cls_intrnl_ec_cd>
      <r2_intrnl_ec_pct>0.0</r2_intrnl_ec_pct>
      <rsk_grp_intrnl_ec_nme>rsk_grp_intrnl_ec_nme</rsk_grp_intrnl_ec_nme>
      <lcl_cpty_rsk_fctr_mthdy_typ>lcl_cpty_rsk_fctr_mthdy_typ</lcl_cpty_rsk_fctr_mthdy_typ>
      <lcl_cpty_rsk_fctr_src_nme>lcl_cpty_rsk_fctr_src_nme</lcl_cpty_rsk_fctr_src_nme>
      <fincl_sttmt_dt>2001-01-01</fincl_sttmt_dt>
      <fincl_rpt_dt>2001-01-01</fincl_rpt_dt>
      <lcl_rsdy_cd>lcl_rsdy_cd</lcl_rsdy_cd>
      <crms_legety_id>0</crms_legety_id>
      <crms_grp_prnt_id>0</crms_grp_prnt_id>
      <pst_cd>pst_cd</pst_cd>
      <cres_cpty_proc_id>0</cres_cpty_proc_id>
      <cres_cpty_run_id>0</cres_cpty_run_id>
      <t_hdr_id>t_hdr_id</t_hdr_id>
      <t_bus_key_id>t_bus_key_id</t_bus_key_id>
      <t_adjmt_oprn_typ>t_adjmt_oprn_typ</t_adjmt_oprn_typ>
      <t_cdcc_id>t_cdcc_id</t_cdcc_id>
      <t_cdcc_instc_id>t_cdcc_instc_id</t_cdcc_instc_id>
      <t_adjmt_id>t_adjmt_id</t_adjmt_id>
      <t_bus_rptg_dt>2001-01-01</t_bus_rptg_dt>
      <t_feed_file_id>t_feed_file_id</t_feed_file_id>
    </lgcy_pty>
    <pty_addr>
      <pty_sk>pty_sk</pty_sk>
      <pty_addr_typ>pty_addr_typ</pty_addr_typ>
      <pty_addr_sk>pty_addr_sk</pty_addr_sk>
      <property_no_nme>property_no_nme</property_no_nme>
      <strt_nme>strt_nme</strt_nme>
      <city_id>city_id</city_id>
      <city_sk>city_sk</city_sk>
      <ctry_geo_pltcl_unit_id>ctry_geo_pltcl_unit_id</ctry_geo_pltcl_unit_id>
      <ctry_geo_pltcl_unit_typ>ctry_geo_pltcl_unit_typ</ctry_geo_pltcl_unit_typ>
      <ctry_gpu_sk>ctry_gpu_sk</ctry_gpu_sk>
      <stte_geo_pltcl_unit_id>stte_geo_pltcl_unit_id</stte_geo_pltcl_unit_id>
      <stte_geo_pltcl_unit_typ>stte_geo_pltcl_unit_typ</stte_geo_pltcl_unit_typ>
      <stte_gpu_sk>stte_gpu_sk</stte_gpu_sk>
      <pst_cd>pst_cd</pst_cd>
      <t_hdr_id>t_hdr_id</t_hdr_id>
      <t_bus_key_id>t_bus_key_id</t_bus_key_id>
      <t_adjmt_oprn_typ>t_adjmt_oprn_typ</t_adjmt_oprn_typ>
      <t_cdcc_id>t_cdcc_id</t_cdcc_id>
      <t_cdcc_instc_id>t_cdcc_instc_id</t_cdcc_instc_id>
      <t_adjmt_id>t_adjmt_id</t_adjmt_id>
      <t_bus_rptg_dt>2001-01-01</t_bus_rptg_dt>
      <t_feed_file_id>t_feed_file_id</t_feed_file_id>
    </pty_addr>
    <pty_alt_id>
      <pty_sk>pty_sk</pty_sk>
      <alt_pty_id_typ>alt_pty_id_typ</alt_pty_id_typ>
      <alt_pty_id_src_nme>alt_pty_id_src_nme</alt_pty_id_src_nme>
      <pty_alt_id_sk>pty_alt_id_sk</pty_alt_id_sk>
      <alt_pty_id>alt_pty_id</alt_pty_id>
      <t_hdr_id>t_hdr_id</t_hdr_id>
      <t_bus_key_id>t_bus_key_id</t_bus_key_id>
      <t_adjmt_oprn_typ>t_adjmt_oprn_typ</t_adjmt_oprn_typ>
      <t_cdcc_id>t_cdcc_id</t_cdcc_id>
      <t_cdcc_instc_id>t_cdcc_instc_id</t_cdcc_instc_id>
      <t_adjmt_id>t_adjmt_id</t_adjmt_id>
      <t_bus_rptg_dt>2001-01-01</t_bus_rptg_dt>
      <t_feed_file_id>t_feed_file_id</t_feed_file_id>
    </pty_alt_id>
    <pty_fincl_assmt>
      <pty_sk>pty_sk</pty_sk>
      <fincl_rpt_ref_src_nme>fincl_rpt_ref_src_nme</fincl_rpt_ref_src_nme>
      <tot_asst_amt>0.0</tot_asst_amt>
      <tot_asst_ccy>tot_asst_ccy</tot_asst_ccy>
      <tovr_amt>0.0</tovr_amt>
      <tovr_ccy>tovr_ccy</tovr_ccy>
      <cmpy_emp_cnt>0</cmpy_emp_cnt>
      <efctv_dt>2001-01-01</efctv_dt>
      <t_hdr_id>t_hdr_id</t_hdr_id>
      <t_bus_key_id>t_bus_key_id</t_bus_key_id>
      <t_adjmt_oprn_typ>t_adjmt_oprn_typ</t_adjmt_oprn_typ>
      <t_cdcc_id>t_cdcc_id</t_cdcc_id>
      <t_cdcc_instc_id>t_cdcc_instc_id</t_cdcc_instc_id>
      <t_adjmt_id>t_adjmt_id</t_adjmt_id>
      <t_bus_rptg_dt>2001-01-01</t_bus_rptg_dt>
      <t_feed_file_id>t_feed_file_id</t_feed_file_id>
    </pty_fincl_assmt>
    <pty_geo_pol_u_rel>
      <pty_sk>pty_sk</pty_sk>
      <geo_pltcl_unit_id>geo_pltcl_unit_id</geo_pltcl_unit_id>
      <geo_pltcl_unit_typ>geo_pltcl_unit_typ</geo_pltcl_unit_typ>
      <gpu_sk>gpu_sk</gpu_sk>
      <pty_gpu_relp_sk>pty_gpu_relp_sk</pty_gpu_relp_sk>
      <pty_geo_pltcl_unit_relp_typ>pty_geo_pltcl_unit_relp_typ</pty_geo_pltcl_unit_relp_typ>
      <t_hdr_id>t_hdr_id</t_hdr_id>
      <t_bus_key_id>t_bus_key_id</t_bus_key_id>
      <t_adjmt_oprn_typ>t_adjmt_oprn_typ</t_adjmt_oprn_typ>
      <t_cdcc_id>t_cdcc_id</t_cdcc_id>
      <t_cdcc_instc_id>t_cdcc_instc_id</t_cdcc_instc_id>
      <t_adjmt_id>t_adjmt_id</t_adjmt_id>
      <t_bus_rptg_dt>2001-01-01</t_bus_rptg_dt>
      <t_feed_file_id>t_feed_file_id</t_feed_file_id>
    </pty_geo_pol_u_rel>
    <pty_relp>
      <pty_relp_hier_typ>pty_relp_hier_typ</pty_relp_hier_typ>
      <prim_pty_sk>prim_pty_sk</prim_pty_sk>
      <scndy_pty_id>scndy_pty_id</scndy_pty_id>
      <scndy_pty_id_typ>scndy_pty_id_typ</scndy_pty_id_typ>
      <scndy_pty_src_nme>scndy_pty_src_nme</scndy_pty_src_nme>
      <scndy_pty_sk>scndy_pty_sk</scndy_pty_sk>
      <pty_relp_typ>pty_relp_typ</pty_relp_typ>
      <pty_relp_sk>pty_relp_sk</pty_relp_sk>
      <t_hdr_id>t_hdr_id</t_hdr_id>
      <t_bus_key_id>t_bus_key_id</t_bus_key_id>
      <t_adjmt_oprn_typ>t_adjmt_oprn_typ</t_adjmt_oprn_typ>
      <t_cdcc_id>t_cdcc_id</t_cdcc_id>
      <t_cdcc_instc_id>t_cdcc_instc_id</t_cdcc_instc_id>
      <t_adjmt_id>t_adjmt_id</t_adjmt_id>
      <t_bus_rptg_dt>2001-01-01</t_bus_rptg_dt>
      <t_feed_file_id>t_feed_file_id</t_feed_file_id>
    </pty_relp>
    <pty_res>
      <pty_sk>pty_sk</pty_sk>
      <prd_strt_dt>2001-01-01</prd_strt_dt>
      <prd_end_dt>2001-01-01</prd_end_dt>
      <pty_res_sk>pty_res_sk</pty_res_sk>
      <res_ccy>res_ccy</res_ccy>
      <stc_res_flg>stc_res_flg</stc_res_flg>
      <dly_min_res_amt>0.0</dly_min_res_amt>
      <wd_und_strs_flg>wd_und_strs_flg</wd_und_strs_flg>
      <t_hdr_id>t_hdr_id</t_hdr_id>
      <t_bus_key_id>t_bus_key_id</t_bus_key_id>
      <t_adjmt_oprn_typ>t_adjmt_oprn_typ</t_adjmt_oprn_typ>
      <t_cdcc_id>t_cdcc_id</t_cdcc_id>
      <t_cdcc_instc_id>t_cdcc_instc_id</t_cdcc_instc_id>
      <t_adjmt_id>t_adjmt_id</t_adjmt_id>
      <t_bus_rptg_dt>2001-01-01</t_bus_rptg_dt>
      <t_feed_file_id>t_feed_file_id</t_feed_file_id>
    </pty_res>
    <pty_rsk_dtl>
      <cpty_pty_sk>cpty_pty_sk</cpty_pty_sk>
      <rsk_prvsn_pty_id>rsk_prvsn_pty_id</rsk_prvsn_pty_id>
      <rsk_prvsn_pty_id_typ>rsk_prvsn_pty_id_typ</rsk_prvsn_pty_id_typ>
      <rsk_prvsn_pty_src_nme>rsk_prvsn_pty_src_nme</rsk_prvsn_pty_src_nme>
      <rsk_prvsn_pty_sk>rsk_prvsn_pty_sk</rsk_prvsn_pty_sk>
      <frst_rsk_prvsn_dt>2001-01-01</frst_rsk_prvsn_dt>
      <off_bs_rsk_prvsn_new_amt>0.0</off_bs_rsk_prvsn_new_amt>
      <off_bs_rsk_prvsn_rls_amt>0.0</off_bs_rsk_prvsn_rls_amt>
      <off_bs_rsk_prv_oth_adj_amt>0.0</off_bs_rsk_prv_oth_adj_amt>
      <on_bs_rsk_prvsn_new_amt>0.0</on_bs_rsk_prvsn_new_amt>
      <on_bs_rsk_prvsn_rls_amt>0.0</on_bs_rsk_prvsn_rls_amt>
      <on_bs_rsk_prv_oth_adj_amt>0.0</on_bs_rsk_prv_oth_adj_amt>
      <ytd_prft_loss_rcvy_amt>0.0</ytd_prft_loss_rcvy_amt>
      <unscd_wrkt_cst_amt>0.0</unscd_wrkt_cst_amt>
      <ytd_rsk_wof_amt>0.0</ytd_rsk_wof_amt>
      <ltd_rsk_wof_amt>0.0</ltd_rsk_wof_amt>
      <rsk_prvsn_ccy>rsk_prvsn_ccy</rsk_prvsn_ccy>
      <rsk_prvsn_drct_wof_amt>0.0</rsk_prvsn_drct_wof_amt>
      <rcvy_secd_amt>0.0</rcvy_secd_amt>
      <rcvy_secd_ccy>rcvy_secd_ccy</rcvy_secd_ccy>
      <rcvy_unscd_amt>0.0</rcvy_unscd_amt>
      <rcvy_unscd_ccy>rcvy_unscd_ccy</rcvy_unscd_ccy>
      <t_hdr_id>t_hdr_id</t_hdr_id>
      <t_bus_key_id>t_bus_key_id</t_bus_key_id>
      <t_adjmt_oprn_typ>t_adjmt_oprn_typ</t_adjmt_oprn_typ>
      <t_cdcc_id>t_cdcc_id</t_cdcc_id>
      <t_cdcc_instc_id>t_cdcc_instc_id</t_cdcc_instc_id>
      <t_adjmt_id>t_adjmt_id</t_adjmt_id>
      <t_bus_rptg_dt>2001-01-01</t_bus_rptg_dt>
      <t_feed_file_id>t_feed_file_id</t_feed_file_id>
      <lgcy_pty_rsk_dtl/>
    </pty_rsk_dtl>
  </pty></fds:fds_sdr_hdr>
