<?xml version="1.0" encoding="UTF-8"?><fds:fds_sdr_hdr xmlns:xsi="http://www.w3.org/2001/XMLSchema-instance" xmlns:fds="FIM-FDS-DATACLASS-INSTRUMENT"><ins>
      <cdcc_id/>
      <cdcc_instc_id/>
      <adjmt_id>1265</adjmt_id>
      <ins_id>ALOU_1809-5</ins_id>
      <ins_id_typ>2</ins_id_typ>
      <ins_src_nme>EXTERN</ins_src_nme>
      <ins_sk>3CDD3F68D70A2B55</ins_sk>
      <glbl_prod_cd>65000</glbl_prod_cd>
      <glbl_prod_sk/>
      <rds_prod_cd/>
      <orgl_notl_issd_amt>1000</orgl_notl_issd_amt>
      <curr_notl_issd_outst_amt>1000</curr_notl_issd_outst_amt>
      <nom_amt>1000</nom_amt>
      <ins_ccy>UAH</ins_ccy>
      <close_ended_fnd_flg>N</close_ended_fnd_flg>
      <convb_flg>Y</convb_flg>
      <iss_prc_amt>1000</iss_prc_amt>
      <iss_dt>2000-01-01</iss_dt>
      <frst_cpn_dt/>
      <last_cpn_dt>2000-01-01</last_cpn_dt>
      <end_dt>2000-01-01</end_dt>
      <expctd_end_dt/>
      <nxt_convs_dt/>
      <mty_rfnd_indctr/>
      <buba_rsk_asst_cd>buba_rsk_asst_cd</buba_rsk_asst_cd>
      <ins_shrt_nme>ALOU Ins 5</ins_shrt_nme>
      <ins_long_nme>ALOU Instrument 5</ins_long_nme>
      <ifrs7_fv_hier_lvl_indctr/>
      <iss_ctry_geo_pltcl_unit_id>iss_ctry_geo_pltcl_unit_id</iss_ctry_geo_pltcl_unit_id>
      <iss_ctry_geo_pltcl_unit_typ/>
      <iss_ctry_gpu_sk/>
      <issr_id>issr_id</issr_id>
      <issr_id_typ/>
      <issr_src_nme>issr_src_nme</issr_src_nme>
      <issr_sk/>
      <trch_id/>
      <trch_id_typ/>
      <trch_src_nme/>
      <trch_sk/>
      <xchg_id>xchg_id</xchg_id>
      <xchg_id_typ/>
      <xchg_src_nme/>
      <xchg_sk/>
      <gtr_id>gtr_id</gtr_id>
      <gtr_id_typ/>
      <gtr_src_nme>gtr_src_nme</gtr_src_nme>
      <gtr_sk/>
      <gtr_notl_pct>1000</gtr_notl_pct>
      <int_calcn_mthd_indctr/>
      <cpn_rte>100</cpn_rte>
      <cpn_pymt_freq_qty>5</cpn_pymt_freq_qty>
      <cpn_typ>1000</cpn_typ>
      <day_cnt_typ/>
      <int_rte_typ/>
      <quote_typ/>
      <shr_bond_convs_prc_amt/>
      <listed_flg/>
      <negtbl_flg/>
      <bearer_regd_indctr/>
      <issr_liqy_gty_flg/>
      <ulng_liqy_gty_flg/>
      <addl_liqy_gty_flg/>
      <rpymt_optn_flg/>
      <liquid_asst_flg/>
      <int_rle_adjmt_flg/>
      <stuck_asst_cd/>
      <elgbl_cntrl_bnk_refinc_indctr>elgbl_cntrl_bnk_refinc_indctr</elgbl_cntrl_bnk_refinc_indctr>
      <wal_qty>10000</wal_qty>
      <corln_trdg_ptf_eligible_flg/>
      <disc_curve_nme/>
      <hi_notl_indctr/>
      <mkt_sect_cd>mkt_sect_cd</mkt_sect_cd>
      <votes_per_shr_qty/>
      <tot_iss_qty/>
      <dbrs_rtng_cd/>
      <dbrs_rtng_dt/>
      <dbrs_rglty_elgbly_indctr/>
      <fitch_ibca_rtng_cd>fitch_ibca_rtng_cd</fitch_ibca_rtng_cd>
      <fitch_ibca_rtng_dt>2000-01-01</fitch_ibca_rtng_dt>
      <fitch_ibca_watch_cd/>
      <fitch_ibca_rglty_elgbly_indctr/>
      <mood_rtng_cd>mood_rtng_cd</mood_rtng_cd>
      <mood_rtng_dt>2000-01-01</mood_rtng_dt>
      <mood_rtng_watch_cd/>
      <mood_rglty_elgbly_indctr/>
      <sp_rtng_cd>sp_rtng_cd</sp_rtng_cd>
      <sp_rtng_dt>2000-01-01</sp_rtng_dt>
      <sp_rtng_watch_cd/>
      <sp_rglty_elgbly_indctr/>
      <irc_rtng_cd/>
      <irc_rtng_src_nme/>
      <irc_rcvy_rte/>
      <cpty_rsk_fctr_10_cd/>
      <cpty_rsk_fctr_26_cd/>
      <cpty_rsk_fctr_mthdy_typ/>
      <cpty_rsk_fctr_src_nme/>
      <erf_cd/>
      <erf_src_nme/>
      <intrnl_rtng_dt/>
      <covd_flg/>
      <cntrl_bnk_hrct_pct/>
      <stdsd_lot_sze_qty/>
      <callable_dt/>
      <pass_through_flg/>
      <trust_prfd_flg/>
      <platform_nme>Shuranya</platform_nme>
      <preference_shr_typ/>
      <sbrdn_flg/>
      <eligible_xchg_lstg_flg/>
      <cntrl_bnk_refinanced_flg/>
      <callable_bond_flg/>
      <convb_by_indctr/>
      <dlvy_dt/>
      <t_hdr_id>40861</t_hdr_id>
      <t_bus_key_id/>
      <t_bus_rptg_dt/>
      <t_feed_file_id/>
      <t_adjmt_oprn_typ>U</t_adjmt_oprn_typ>
	  <ins_alt_id>
	  	<alt_ins_id_typ>alt_ins_id_typ</alt_ins_id_typ>	  
		<alt_ins_id>alt_ins_id</alt_ins_id>
	  </ins_alt_id>
   </ins></fds:fds_sdr_hdr>
