<?xml version="1.0" encoding="UTF-8"?><fds:fds_sdr_hdr xmlns:xsi="http://www.w3.org/2001/XMLSchema-instance" xmlns:fds="FIM-FDS-DATACLASS-CONTRACT"><cont>
    <src_cont_id>BGT1201142</src_cont_id>
    <cont_src_nme>43031-4</cont_src_nme>
    <cont_sk>1</cont_sk>
    <bkg_ami_pty_id>A833</bkg_ami_pty_id>
    <bkg_ami_pty_id_typ>AMI_CODE</bkg_ami_pty_id_typ>
    <bkg_ami_pty_src_nme>AMI_NET</bkg_ami_pty_src_nme>
    <cpty_pty_id>3456811</cpty_pty_id>
    <cpty_pty_id_typ>L_CPTY_ID</cpty_pty_id_typ>
    <cpty_pty_src_nme>55787-3</cpty_pty_src_nme>
    <glbl_prod_cd>30090</glbl_prod_cd>
    <rds_prod_cd>0</rds_prod_cd>
    <rsk_glbl_prod_cd>0</rsk_glbl_prod_cd>
    <src_legl_agrmt_id>src_legl_agrmt_id</src_legl_agrmt_id>
    <legl_agrmt_src_nme>legl_agrmt_src_nme</legl_agrmt_src_nme>
    <legl_agrmt_sk>legl_agrmt_sk</legl_agrmt_sk>
    <col_flg>N</col_flg>
    <trch_id>trch_id</trch_id>
    <trch_id_typ>trch_id_typ</trch_id_typ>
    <trch_src_nme>trch_src_nme</trch_src_nme>
    <trch_sk>trch_sk</trch_sk>
    <gov_gty_ctry_geo_pltcl_unit_id>gov_gty_ctry_geo_pltcl_unit_id</gov_gty_ctry_geo_pltcl_unit_id>
    <gov_gty_ctry_gp_unit_typ>gov_gty_ctry_gp_unit_typ</gov_gty_ctry_gp_unit_typ>
    <gov_gty_ctry_gpu_sk>gov_gty_ctry_gpu_sk</gov_gty_ctry_gpu_sk>
    <buy_sl_indctr>S</buy_sl_indctr>
    <physical_stlmt_dlvy_dt>2001-01-01</physical_stlmt_dlvy_dt>
    <over_the_counter_flg>N</over_the_counter_flg>
    <stlmt_stus_indctr>0</stlmt_stus_indctr>
    <cont_strt_dt>2001-01-01</cont_strt_dt>
    <strc_leng_flg>N</strc_leng_flg>
    <trd_dt>2001-01-01</trd_dt>
    <trdrl_flg>N</trdrl_flg>
    <dln_rsk_crtr_cd>0</dln_rsk_crtr_cd>
    <stuck_asst_cd>stuck_asst_cd</stuck_asst_cd>
    <ownp_pct>0.0</ownp_pct>
    <rwa_grs_euro_amt>0.0</rwa_grs_euro_amt>
    <rsk_wghtg_cd>1</rsk_wghtg_cd>
    <last_actvy_dt>2001-01-01</last_actvy_dt>
    <advsd_cnfmd_indctr>A</advsd_cnfmd_indctr>
    <avlby_indctr>D</avlby_indctr>
    <cpty_acpt_flg>N</cpty_acpt_flg>
    <dln_rsk_flg>N</dln_rsk_flg>
    <discld_flg>N</discld_flg>
    <gty_caty_typ>1</gty_caty_typ>
    <red_clse_flg>N</red_clse_flg>
    <with_rcrs_flg>N</with_rcrs_flg>
    <acqd_indctr>4</acqd_indctr>
    <trd_qty>10</trd_qty>
    <gov_gty_flg>N</gov_gty_flg>
    <ifrs7_fv_hier_lvl_indctr>1</ifrs7_fv_hier_lvl_indctr>
    <ln_prps_cd>3</ln_prps_cd>
    <real_tm_grs_stlmt_flg>N</real_tm_grs_stlmt_flg>
    <sbrdn_flg>N</sbrdn_flg>
    <asst_rtn_indctr>O</asst_rtn_indctr>
    <respl_ubr_orgn_unit_id>respl_ubr_orgn_unit_id</respl_ubr_orgn_unit_id>
    <respl_ubr_orgn_unit_id_typ>respl_ubr_orgn_unit_id_typ</respl_ubr_orgn_unit_id_typ>
    <respl_ubr_orgn_unit_src_nme>respl_ubr_orgn_unit_src_nme</respl_ubr_orgn_unit_src_nme>
    <rtl_whlsl_ln_indctr>R</rtl_whlsl_ln_indctr>
    <gov_gty_amt>0.0</gov_gty_amt>
    <clnt_curr_act_prps_indctr>R</clnt_curr_act_prps_indctr>
    <clnt_curr_act_optny_flg>N</clnt_curr_act_optny_flg>
    <elgbly_ln_rpymt_flg>N</elgbly_ln_rpymt_flg>
    <sales_mgr_nme>sales_mgr_nme</sales_mgr_nme>
    <rsk_apprch_indctr>SA</rsk_apprch_indctr>
    <csh_stlmt_flg>N</csh_stlmt_flg>
    <lot_sze_qty>0.0</lot_sze_qty>
    <drv_hdg_covg_indctr>2</drv_hdg_covg_indctr>
    <drv_notn_dt>2001-01-01</drv_notn_dt>
    <drv_noty_flg>N</drv_noty_flg>
    <drv_usgp_hdg_typ_indctr>NQ</drv_usgp_hdg_typ_indctr>
    <drv_hdg_typ_ifrs_indctr>NQ</drv_hdg_typ_ifrs_indctr>
    <drv_hdg_typ_hgb_indctr>MA</drv_hdg_typ_hgb_indctr>
    <elgbl_cntrl_bnk_refinc_indctr>3</elgbl_cntrl_bnk_refinc_indctr>
    <embd_drv_usgp_indctr>0</embd_drv_usgp_indctr>
    <embd_drv_ifrs_indctr>0</embd_drv_ifrs_indctr>
    <intrnl_fndg_rte>0.0</intrnl_fndg_rte>
    <intrnl_fx_rte>0.0</intrnl_fx_rte>
    <liqy_prem_rte>0.0</liqy_prem_rte>
    <eir>0.0</eir>
    <secsn_cd>2</secsn_cd>
    <mr_secsn_indctr>3</mr_secsn_indctr>
    <snry_typ>MST</snry_typ>
    <agcy_leng_discls_trd_indctr>5</agcy_leng_discls_trd_indctr>
    <partn_othr_banks_amt>0.0</partn_othr_banks_amt>
    <ntc_prd_qty>0</ntc_prd_qty>
    <re_ln_prfd_amt>0.0</re_ln_prfd_amt>
    <encbd_indctr>NO</encbd_indctr>
    <encbd_amt>0.0</encbd_amt>
    <encbd_strt_dt>2001-01-01</encbd_strt_dt>
    <encbd_end_dt>2001-01-01</encbd_end_dt>
    <cpty_asgmt_indctr>1</cpty_asgmt_indctr>
    <cpty_asgmt_efctv_dt>2001-01-01</cpty_asgmt_efctv_dt>
    <cpty_asgmt_trd_dt>2001-01-01</cpty_asgmt_trd_dt>
    <cont_ver_cnt>cont_ver_cnt</cont_ver_cnt>
    <trdg_bk_indctr>N</trdg_bk_indctr>
    <cont_prc_amt>0.0</cont_prc_amt>
    <cont_prc_ccy>EUR</cont_prc_ccy>
    <xchg_prn_indctr>BOTH</xchg_prn_indctr>
    <xchg_prn_ccy>EUR</xchg_prn_ccy>
    <orgl_notl_amt>0.0</orgl_notl_amt>
    <orgl_notl_ccy>EUR</orgl_notl_ccy>
    <curr_notl_amt>0.0</curr_notl_amt>
    <curr_notl_ccy>EUR</curr_notl_ccy>
    <wal_qty>0</wal_qty>
    <inter_intra_unit_flg>N</inter_intra_unit_flg>
    <ln_prch_fv_adjmt_crd_reld_amt>0.0</ln_prch_fv_adjmt_crd_reld_amt>
    <ln_prch_fv_adjmt_crd_reld_ccy>EUR</ln_prch_fv_adjmt_crd_reld_ccy>
    <ln_prch_fv_adj_noncrd_reld_amt>0.0</ln_prch_fv_adj_noncrd_reld_amt>
    <ln_prch_fv_adj_noncrd_reld_ccy>EUR</ln_prch_fv_adj_noncrd_reld_ccy>
    <max_outst_amt>0.0</max_outst_amt>
    <max_outst_ccy>EUR</max_outst_ccy>
    <curr_yr_end_notl_amt>0.0</curr_yr_end_notl_amt>
    <curr_yr_end_notl_ccy>EUR</curr_yr_end_notl_ccy>
    <ytd_avg_outst_amt>0.0</ytd_avg_outst_amt>
    <ytd_avg_outst_ccy>EUR</ytd_avg_outst_ccy>
    <abs_cds_curr_fee_amt>0.0</abs_cds_curr_fee_amt>
    <abs_cds_curr_fee_ccy>EUR</abs_cds_curr_fee_ccy>
    <secsn_val_adjmt_ifrs_amt>0.0</secsn_val_adjmt_ifrs_amt>
    <secsn_val_adjmt_ifrs_ccy>EUR</secsn_val_adjmt_ifrs_ccy>
    <avg_mntly_outst_amt>0.0</avg_mntly_outst_amt>
    <avg_mntly_outst_ccy>EUR</avg_mntly_outst_ccy>
    <otc_clr_stus_indctr>0</otc_clr_stus_indctr>
    <tx_bsd_lgd_pct>0.0</tx_bsd_lgd_pct>
    <opn_ended_flg>N</opn_ended_flg>
    <prfrntl_int_rte_flg>N</prfrntl_int_rte_flg>
    <escrw_flg>N</escrw_flg>
    <txl_act_flg>N</txl_act_flg>
    <established_relp_flg>N</established_relp_flg>
    <opr_relp_flg>N</opr_relp_flg>
    <internet_dpst_flg>N</internet_dpst_flg>
    <sig_wd_penalty_flg>N</sig_wd_penalty_flg>
    <crsa_hi_rsk_indctr>N</crsa_hi_rsk_indctr>
    <ln_renewable_flg>N</ln_renewable_flg>
    <db_dwngrd_trigger_cd>0</db_dwngrd_trigger_cd>
    <db_dwngrd_pct>0.0</db_dwngrd_pct>
    <refing_stus_indctr>D</refing_stus_indctr>
    <cntrl_bnk_refinanced_flg>N</cntrl_bnk_refinanced_flg>
    <csa_agrmt_flg>N</csa_agrmt_flg>
    <legl_agrmt_flg>N</legl_agrmt_flg>
    <actl_stlmt_dt>2001-01-01</actl_stlmt_dt>
    <asst_qlty>
      <ln_trmn_dt>2001-01-01</ln_trmn_dt>
      <imprd_dt>2001-01-01</imprd_dt>
      <rsk_end_dt>2001-01-01</rsk_end_dt>
      <imprd_hom_ln_indctr>99</imprd_hom_ln_indctr>
      <ifrs_impmt_flg>N</ifrs_impmt_flg>
      <impmt_mthd_indctr>DCF</impmt_mthd_indctr>
      <ovd_amt>0.0</ovd_amt>
      <ovd_ccy>EUR</ovd_ccy>
      <max_ovd_days_cnt>0</max_ovd_days_cnt>
      <last_pymt_dt>2001-01-01</last_pymt_dt>
      <last_pymt_due_dt>2001-01-01</last_pymt_due_dt>
      <prob_ln_indctr>0</prob_ln_indctr>
      <mentbl_cmtmt_clsn_cd>SM</mentbl_cmtmt_clsn_cd>
      <cst_wrkt_unscd_amt>0.0</cst_wrkt_unscd_amt>
      <cst_wrkt_unscd_ccy>EUR</cst_wrkt_unscd_ccy>
      <spec_rsk_prv_drct_wof_amt>0.0</spec_rsk_prv_drct_wof_amt>
      <secd_rcvy_amt>0.0</secd_rcvy_amt>
      <secd_rcvy_ccy>EUR</secd_rcvy_ccy>
      <rcvy_unscd_amt>0.0</rcvy_unscd_amt>
      <rcvy_unscd_ccy>EUR</rcvy_unscd_ccy>
      <rcvy_stus_indctr>0</rcvy_stus_indctr>
      <int_inc_thl_amt>0.0</int_inc_thl_amt>
      <int_inc_thl_ccy>EUR</int_inc_thl_ccy>
      <int_inc_actl_imprd_amt>0.0</int_inc_actl_imprd_amt>
      <int_inc_actl_imprd_ccy>EUR</int_inc_actl_imprd_ccy>
      <int_inc_thl_imprd_amt>0.0</int_inc_thl_imprd_amt>
      <int_inc_thl_imprd_ccy>EUR</int_inc_thl_imprd_ccy>
      <ltd_fv_impmt_loss_crd_ifrs_amt>0.0</ltd_fv_impmt_loss_crd_ifrs_amt>
      <ltd_fv_impmt_loss_crd_ifrs_ccy>EUR</ltd_fv_impmt_loss_crd_ifrs_ccy>
      <ytd_fv_impmt_loss_crd_ifrs_amt>0.0</ytd_fv_impmt_loss_crd_ifrs_amt>
      <ytd_fv_impmt_loss_crd_ifrs_ccy>EUR</ytd_fv_impmt_loss_crd_ifrs_ccy>
      <frst_rsk_prvsn_dt>2001-01-01</frst_rsk_prvsn_dt>
      <spec_rsk_prvsn_new_amt>0.0</spec_rsk_prvsn_new_amt>
      <spec_rsk_prvsn_rls_amt>0.0</spec_rsk_prvsn_rls_amt>
      <ytd_rsk_wof_amt>0.0</ytd_rsk_wof_amt>
      <ltd_rsk_wof_amt>0.0</ltd_rsk_wof_amt>
      <rsk_prvsn_ccy>EUR</rsk_prvsn_ccy>
      <orgl_el_amt>0.0</orgl_el_amt>
      <orgl_el_ccy>EUR</orgl_el_ccy>
      <ctry_rsk_alwnc_amt>0.0</ctry_rsk_alwnc_amt>
      <gen_rsk_prvsn_strtg_bal_amt>0.0</gen_rsk_prvsn_strtg_bal_amt>
    </asst_qlty>
    <cont_alt_id>
      <alt_cont_id_typ>alt_cont_id_typ</alt_cont_id_typ>
      <cont_alt_id_src_nme>cont_alt_id_src_nme</cont_alt_id_src_nme>
      <alt_cont_id>alt_cont_id</alt_cont_id>
    </cont_alt_id>
    <cont_pty>
      <pty_role_typ>07</pty_role_typ>
      <pty_id>3456811</pty_id>
      <pty_id_typ>L_CPTY_ID</pty_id_typ>
      <pty_src_nme>55787-3</pty_src_nme>
    </cont_pty>
    <fac_lnkge>
      <fac_lnkge_typ_indctr>flktypind</fac_lnkge_typ_indctr>
      <src_fac_agrmt_id>src_fac_agrmt_id</src_fac_agrmt_id>
      <fac_agrmt_src_nme>fac_agrmt_src_nme</fac_agrmt_src_nme>
      <src_fac_lmt_id>src_fac_lmt_id</src_fac_lmt_id>
      <fac_lmt_src_nme>fac_lmt_src_nme</fac_lmt_src_nme>
    </fac_lnkge>
    <leg>
      <leg_id>0</leg_id>
      <cont_sk>1</cont_sk>
      <int_typ>1</int_typ>
      <flw_tmg_indctr>ADV</flw_tmg_indctr>
      <int_rte_reset_indctr>ADV</int_rte_reset_indctr>
      <int_rte_frmla_desc>int_rte_frmla_desc</int_rte_frmla_desc>
      <orgl_notl_amt>0.0</orgl_notl_amt>
      <orgl_notl_ccy>EUR</orgl_notl_ccy>
      <curr_notl_amt>0.0</curr_notl_amt>
      <curr_notl_ccy>EUR</curr_notl_ccy>
      <end_dt>2001-01-01</end_dt>
      <py_rcv_indctr>P</py_rcv_indctr>
      <aggrt_lot_units_traded_qty>0</aggrt_lot_units_traded_qty>
      <failed_dlvy_qty>0</failed_dlvy_qty>
      <contl_stlmt_dt>2001-01-01</contl_stlmt_dt>
      <stlmt_ccy>EUR</stlmt_ccy>
      <stlmt_altv_cd>CP</stlmt_altv_cd>
      <avgg_calcn_mthd_indctr>C</avgg_calcn_mthd_indctr>
      <day_cnt_typ>1</day_cnt_typ>
      <int_rte>0.0</int_rte>
      <int_rte_typ>7</int_rte_typ>
      <spr_rte_mltplr_pct>0.0</spr_rte_mltplr_pct>
      <spr_rte>0.0</spr_rte>
      <ref_rte>0.0</ref_rte>
      <fixg_rte_src_nme>fixg_rte_src_nme</fixg_rte_src_nme>
      <ulng_ins_id>ulng_ins_id</ulng_ins_id>
      <ulng_ins_id_typ>ulng_ins_id_typ</ulng_ins_id_typ>
      <ulng_ins_src_nme>ulng_ins_src_nme</ulng_ins_src_nme>
      <ulng_ins_sk>ulng_ins_sk</ulng_ins_sk>
      <ulng_src_cont_id>ulng_src_cont_id</ulng_src_cont_id>
      <ulng_cont_src_nme>ulng_cont_src_nme</ulng_cont_src_nme>
      <ulng_cont_sk>ulng_cont_sk</ulng_cont_sk>
      <ulng_asst_id>ulng_asst_id</ulng_asst_id>
      <ulng_asst_id_typ>ulng_asst_id_typ</ulng_asst_id_typ>
      <ulng_asst_src_nme>ulng_asst_src_nme</ulng_asst_src_nme>
      <fixg_gap_days_cnt>0</fixg_gap_days_cnt>
      <avgg_mthd_indctr>W</avgg_mthd_indctr>
      <rpymt_optn_flg>N</rpymt_optn_flg>
      <cap_flg>N</cap_flg>
      <flr_flg>N</flr_flg>
      <abst_cap_amt>0.0</abst_cap_amt>
      <abst_flr_amt>0.0</abst_flr_amt>
      <asian_optn_typ>COMP</asian_optn_typ>
      <bar_flg>N</bar_flg>
      <bar_up_dwn_indctr>D</bar_up_dwn_indctr>
      <bar_io_indctr>I</bar_io_indctr>
      <bar_lvl_amt>0.0</bar_lvl_amt>
      <fwd_amt>0.0</fwd_amt>
      <fwd_ccy>EUR</fwd_ccy>
      <fwd_prc_amt>0.0</fwd_prc_amt>
      <fwd_prc_ccy>EUR</fwd_prc_ccy>
      <put_call_indctr>P</put_call_indctr>
      <optn_exrcs_intrv_indctr>D</optn_exrcs_intrv_indctr>
      <optn_exrcs_strt_dt>2001-01-01</optn_exrcs_strt_dt>
      <optn_exrcs_end_dt>2001-01-01</optn_exrcs_end_dt>
      <optn_exrcs_flg>N</optn_exrcs_flg>
      <optn_stle_cd>AMER</optn_stle_cd>
      <bar_rebate_amt>0.0</bar_rebate_amt>
      <bar_rebate_indctr>H</bar_rebate_indctr>
      <strk_indctr>Y</strk_indctr>
      <strk_prc_amt>0.0</strk_prc_amt>
      <strk_prc_ccy>EUR</strk_prc_ccy>
      <trd_vlty_pct>0.0</trd_vlty_pct>
      <rvlvg_flg>N</rvlvg_flg>
      <disc_curve_nme>disc_curve_nme</disc_curve_nme>
      <rsk_crd_dflt_curve_nme>rsk_crd_dflt_curve_nme</rsk_crd_dflt_curve_nme>
      <intpln_cd>T</intpln_cd>
      <amrtn_clsn_indctr>1</amrtn_clsn_indctr>
      <yr_1_rdmpn_notl_amt>0.0</yr_1_rdmpn_notl_amt>
      <yr_1_5_rdmpn_notl_amt>0.0</yr_1_5_rdmpn_notl_amt>
      <yr_5_over_rdmpn_notl_amt>0.0</yr_5_over_rdmpn_notl_amt>
      <cont_amt>0.0</cont_amt>
      <spot_prc_amt>0.0</spot_prc_amt>
      <cont_ccy>EUR</cont_ccy>
      <ulng_mtm_amt>0.0</ulng_mtm_amt>
      <ulng_mtm_ccy>EUR</ulng_mtm_ccy>
      <leg_adjmt_profl>
        <leg_adjmt_profl_typ>PAYMENT</leg_adjmt_profl_typ>
      </leg_adjmt_profl>
      <leg_schd>
        <leg_schd_typ>PAYMENT</leg_schd_typ>
      </leg_schd>
    </leg>
  </cont></fds:fds_sdr_hdr>
