<?xml version="1.0" encoding="UTF-8"?><fds:fds_sdr_hdr xmlns:xsi="http://www.w3.org/2001/XMLSchema-instance" xmlns:fds="FIM-FDS-DATACLASS-DAILY-BALANCE-POSITION"><dly_bal_posn>
    <cob_dt>2013-02-15</cob_dt>
    <bkg_ami_pty_id>0877</bkg_ami_pty_id>
    <bkg_ami_pty_id_typ>AMI_CODE</bkg_ami_pty_id_typ>
    <bkg_ami_pty_src_nme>AMI_NET</bkg_ami_pty_src_nme>
    <bkg_pty_orgn_unit_id>bkg_pty_orgn_unit_id</bkg_pty_orgn_unit_id>
    <bkg_pty_orgn_unit_id_typ>bkg_pty_orgn_unit_id_typ</bkg_pty_orgn_unit_id_typ>
    <bkg_pty_orgn_unit_src_nme>bkg_pty_orgn_unit_src_nme</bkg_pty_orgn_unit_src_nme>
    <cpty_pty_id></cpty_pty_id>
    <cpty_pty_id_typ>L_CPTY_ID</cpty_pty_id_typ>
    <cpty_pty_src_nme>55787-3</cpty_pty_src_nme>
    <src_cont_id></src_cont_id>
    <src_fac_agrmt_id>0123457</src_fac_agrmt_id>
    <fac_agrmt_src_nme>fac_agrmt_src_nme</fac_agrmt_src_nme>
    <cont_src_nme>76833-1</cont_src_nme>
	<gl_act_cd>03328420110</gl_act_cd>
    <lcl_act_cd>9000027044</lcl_act_cd>
    <glbl_prod_cd>30090</glbl_prod_cd>
    <rds_prod_cd>Unknown</rds_prod_cd>
    <tx_amt>-1500.0</tx_amt>
    <val_dt_tx_amt>500.0</val_dt_tx_amt>
    <tx_ccy>EUR</tx_ccy>
    <gaap_indctr>HGB</gaap_indctr>
    <ati>6.05</ati>
	<leg_id>0</leg_id>
    <onshre_ofshre_indctr>onshre_ofshre_indctr</onshre_ofshre_indctr>
    <bal_desc_cd>N/A</bal_desc_cd>
    <levelled_ccy>EUR</levelled_ccy>
  </dly_bal_posn><dly_bal_posn>
    <cob_dt>2013-02-15</cob_dt>
    <bkg_ami_pty_id>0877</bkg_ami_pty_id>
    <bkg_ami_pty_id_typ>AMI_CODE</bkg_ami_pty_id_typ>
    <bkg_ami_pty_src_nme>AMI_NET</bkg_ami_pty_src_nme>
    <bkg_pty_orgn_unit_id>bkg_pty_orgn_unit_id</bkg_pty_orgn_unit_id>
    <bkg_pty_orgn_unit_id_typ>bkg_pty_orgn_unit_id_typ</bkg_pty_orgn_unit_id_typ>
    <bkg_pty_orgn_unit_src_nme>bkg_pty_orgn_unit_src_nme</bkg_pty_orgn_unit_src_nme>
    <cpty_pty_id>3456811</cpty_pty_id>
    <cpty_pty_id_typ>L_CPTY_ID</cpty_pty_id_typ>
    <cpty_pty_src_nme>55787-3</cpty_pty_src_nme>
    <src_cont_id></src_cont_id>
    <src_fac_agrmt_id>0123456</src_fac_agrmt_id>
    <fac_agrmt_src_nme>fac_agrmt_src_nme</fac_agrmt_src_nme>
    <cont_src_nme>76833-1</cont_src_nme>
	<gl_act_cd>0528420100</gl_act_cd>
    <lcl_act_cd>9000027044</lcl_act_cd>
    <glbl_prod_cd>30090</glbl_prod_cd>
    <rds_prod_cd>Unknown</rds_prod_cd>
    <tx_amt>1700.0</tx_amt>
    <val_dt_tx_amt>700.0</val_dt_tx_amt>
    <tx_ccy>EUR</tx_ccy>
    <gaap_indctr>HGB</gaap_indctr>
    <ati>6.05</ati>
	<leg_id>0</leg_id>
    <onshre_ofshre_indctr>onshre_ofshre_indctr</onshre_ofshre_indctr>
    <bal_desc_cd>N/A</bal_desc_cd>
    <levelled_ccy>EUR</levelled_ccy>
  </dly_bal_posn><dly_bal_posn>
    <cob_dt>2013-02-15</cob_dt>
    <bkg_ami_pty_id>0877</bkg_ami_pty_id>
    <bkg_ami_pty_id_typ>AMI_CODE</bkg_ami_pty_id_typ>
    <bkg_ami_pty_src_nme>AMI_NET</bkg_ami_pty_src_nme>
    <bkg_pty_orgn_unit_id>bkg_pty_orgn_unit_id</bkg_pty_orgn_unit_id>
    <bkg_pty_orgn_unit_id_typ>bkg_pty_orgn_unit_id_typ</bkg_pty_orgn_unit_id_typ>
    <bkg_pty_orgn_unit_src_nme>bkg_pty_orgn_unit_src_nme</bkg_pty_orgn_unit_src_nme>
    <cpty_pty_id></cpty_pty_id>
    <cpty_pty_id_typ>L_CPTY_ID</cpty_pty_id_typ>
    <cpty_pty_src_nme>55787-3</cpty_pty_src_nme>
    <src_cont_id></src_cont_id>
    <src_fac_agrmt_id>0123457</src_fac_agrmt_id>
    <fac_agrmt_src_nme>fac_agrmt_src_nme</fac_agrmt_src_nme>
    <cont_src_nme>76833-1</cont_src_nme>
	<gl_act_cd>0528420110</gl_act_cd>
    <lcl_act_cd>9000027044</lcl_act_cd>
    <glbl_prod_cd>30090</glbl_prod_cd>
    <rds_prod_cd>Unknown</rds_prod_cd>
    <tx_amt>-1700.0</tx_amt>
    <val_dt_tx_amt>700.0</val_dt_tx_amt>
    <tx_ccy>EUR</tx_ccy>
    <gaap_indctr>HGB</gaap_indctr>
    <ati>6.05</ati>
	<leg_id>0</leg_id>
    <onshre_ofshre_indctr>onshre_ofshre_indctr</onshre_ofshre_indctr>
    <bal_desc_cd>N/A</bal_desc_cd>
    <levelled_ccy>EUR</levelled_ccy>
  </dly_bal_posn><dly_bal_posn>
    <cob_dt>2013-02-15</cob_dt>
    <bkg_ami_pty_id>0877</bkg_ami_pty_id>
    <bkg_ami_pty_id_typ>AMI_CODE</bkg_ami_pty_id_typ>
    <bkg_ami_pty_src_nme>AMI_NET</bkg_ami_pty_src_nme>
    <bkg_pty_orgn_unit_id>bkg_pty_orgn_unit_id</bkg_pty_orgn_unit_id>
    <bkg_pty_orgn_unit_id_typ>bkg_pty_orgn_unit_id_typ</bkg_pty_orgn_unit_id_typ>
    <bkg_pty_orgn_unit_src_nme>bkg_pty_orgn_unit_src_nme</bkg_pty_orgn_unit_src_nme>
    <cpty_pty_id>3456811</cpty_pty_id>
    <cpty_pty_id_typ>L_CPTY_ID</cpty_pty_id_typ>
    <cpty_pty_src_nme>55787-3</cpty_pty_src_nme>
    <src_cont_id></src_cont_id>
    <src_fac_agrmt_id>0123456</src_fac_agrmt_id>
    <fac_agrmt_src_nme>fac_agrmt_src_nme</fac_agrmt_src_nme>
    <cont_src_nme>76833-1</cont_src_nme>
	<gl_act_cd>03328420110</gl_act_cd>
    <lcl_act_cd>9000027044</lcl_act_cd>
    <glbl_prod_cd>30090</glbl_prod_cd>
    <rds_prod_cd>Unknown</rds_prod_cd>
    <tx_amt>1500.0</tx_amt>
    <val_dt_tx_amt>500.0</val_dt_tx_amt>
    <tx_ccy>EUR</tx_ccy>
    <gaap_indctr>HGB</gaap_indctr>
    <ati>6.05</ati>
	<leg_id>0</leg_id>
    <onshre_ofshre_indctr>onshre_ofshre_indctr</onshre_ofshre_indctr>
    <bal_desc_cd>N/A</bal_desc_cd>
    <levelled_ccy>EUR</levelled_ccy>
  </dly_bal_posn></fds:fds_sdr_hdr>
