<?xml version="1.0" encoding="ISO-8859-1"?>
<FIM-FIDS-TRANSFER:FDSDataContainer xmlns:ns="http://www.tibco.com/pe/DeployedVarsType" xmlns:DbGMLBusHdr="DbGMLBatchTransfer/BusHdr" xmlns:FIM-BASE="FIM-BASE" xmlns:ns12="www.tibco.com/plugin/java/JavaMethodActivityInput" xmlns:ns13="www.tibco.com/plugin/java/JavaToXmlActivityInput" xmlns:dbg="DbGMLBatchTransfer" xmlns:pfx="http://www.tibco.com/pe/WriteToLogActivitySchema" xmlns:ns2="http://www.tibco.com/namespaces/tnt/plugins/jms" xmlns:FIM-FIDS-TRANSFER="FIM-FIDS-TRANSFER" xmlns:pd="http://xmlns.tibco.com/bw/process/2003" xmlns:ns1="http://www.tibco.com/pe/EngineTypes" xmlns:ns4="www.tibco.com/plugin/java/xmlSchema/com.db.fim.fimmb.delivery.FileChecksumResult" xmlns:ns3="www.tibco.com/plugin/java/JavaMethodActivityOutput" xmlns:pfx5="www.tibco.com/plugin/java/xmlSchema/com.db.fim.fimmb.common.CheckResult" xmlns:xsd="http://www.w3.org/2001/XMLSchema" xmlns:tib="http://www.tibco.com/bw/xslt/custom-functions" xmlns:pfx4="www.tibco.com/plugin/java/JavaToXmlActivityOutput" xmlns:pfx3="www.tibco.com/plugin/java/xmlSchema/com.db.fim.fimmb.ingestion.CheckResult" xmlns:pfx2="http://www.tibco.com/pe/GenerateErrorActivity/InputSchema" xmlns:xsi="http://www.w3.org/2001/XMLSchema-instance">
    <FIM-BASE:sourceId>76833-1</FIM-BASE:sourceId>
    <FIM-BASE:cobDate>2014-05-27</FIM-BASE:cobDate>
    <FIM-BASE:publishedTimeStamp>2014-01-20T07:08:02.121-05:00</FIM-BASE:publishedTimeStamp>
    <FIM-BASE:containerType>FDS2.4.7</FIM-BASE:containerType>
    <FIM-BASE:dataClass>
        <FIM-BASE:DataType>Instrument</FIM-BASE:DataType>
        <FIM-BASE:SourceFeedId>57</FIM-BASE:SourceFeedId>
        <FIM-BASE:RecordCount>1</FIM-BASE:RecordCount>
        <FIM-BASE:ContainerFile>
            <FIM-BASE:checksumAlgorithm>SHA1</FIM-BASE:checksumAlgorithm>
            <FIM-BASE:checksum>82977158e420f588fe744de772fc4f0dbcd978af</FIM-BASE:checksum>
            <FIM-BASE:encriptionMethod>NONE</FIM-BASE:encriptionMethod>
            <FIM-BASE:compression>NONE</FIM-BASE:compression>
            <FIM-BASE:relativeURI>fim_0877_76833-1_20140527_ins.xml</FIM-BASE:relativeURI>
        </FIM-BASE:ContainerFile>
    </FIM-BASE:dataClass>
    <FIM-BASE:dataClass>
        <FIM-BASE:DataType>Balance</FIM-BASE:DataType>
        <FIM-BASE:SourceFeedId>57</FIM-BASE:SourceFeedId>
        <FIM-BASE:RecordCount>4</FIM-BASE:RecordCount>
        <FIM-BASE:ContainerFile>
            <FIM-BASE:checksumAlgorithm>SHA1</FIM-BASE:checksumAlgorithm>
            <FIM-BASE:checksum>cfb527d694b5862b989003ee72058c4f73dc5210</FIM-BASE:checksum>
            <FIM-BASE:encriptionMethod>NONE</FIM-BASE:encriptionMethod>
            <FIM-BASE:compression>NONE</FIM-BASE:compression>
            <FIM-BASE:relativeURI>fim_0877_76833-1_20140527_dbp.xml</FIM-BASE:relativeURI>
        </FIM-BASE:ContainerFile>
    </FIM-BASE:dataClass>
    <FIM-BASE:dataClass>
        <FIM-BASE:DataType>Facility</FIM-BASE:DataType>
        <FIM-BASE:SourceFeedId>57</FIM-BASE:SourceFeedId>
        <FIM-BASE:RecordCount>4</FIM-BASE:RecordCount>
        <FIM-BASE:ContainerFile>
            <FIM-BASE:checksumAlgorithm>SHA1</FIM-BASE:checksumAlgorithm>
            <FIM-BASE:checksum>16ccd83edd3a12ed29906d1affddff49f8d20d6f</FIM-BASE:checksum>
            <FIM-BASE:encriptionMethod>NONE</FIM-BASE:encriptionMethod>
            <FIM-BASE:compression>NONE</FIM-BASE:compression>
            <FIM-BASE:relativeURI>fim_0877_76833-1_20140527_fac.xml</FIM-BASE:relativeURI>
        </FIM-BASE:ContainerFile>
    </FIM-BASE:dataClass>
    <FIM-BASE:dataClass>
        <FIM-BASE:DataType>Party</FIM-BASE:DataType>
        <FIM-BASE:SourceFeedId>57</FIM-BASE:SourceFeedId>
        <FIM-BASE:RecordCount>1</FIM-BASE:RecordCount>
        <FIM-BASE:ContainerFile>
            <FIM-BASE:checksumAlgorithm>SHA1</FIM-BASE:checksumAlgorithm>
            <FIM-BASE:checksum>55d9be2c73c3db7a4bcbd3bbb207bd99e77aa53e</FIM-BASE:checksum>
            <FIM-BASE:encriptionMethod>NONE</FIM-BASE:encriptionMethod>
            <FIM-BASE:compression>NONE</FIM-BASE:compression>
            <FIM-BASE:relativeURI>fim_0877_76833-1_20140527_cpy.xml</FIM-BASE:relativeURI>
        </FIM-BASE:ContainerFile>
    </FIM-BASE:dataClass>
    <FIM-BASE:dataClass>
        <FIM-BASE:DataType>Collateral</FIM-BASE:DataType>
        <FIM-BASE:SourceFeedId>57</FIM-BASE:SourceFeedId>
        <FIM-BASE:RecordCount>4</FIM-BASE:RecordCount>
        <FIM-BASE:ContainerFile>
            <FIM-BASE:checksumAlgorithm>SHA1</FIM-BASE:checksumAlgorithm>
            <FIM-BASE:checksum>07dd76711e40e7270e70c525ce42e085bec094a1</FIM-BASE:checksum>
            <FIM-BASE:encriptionMethod>NONE</FIM-BASE:encriptionMethod>
            <FIM-BASE:compression>NONE</FIM-BASE:compression>
            <FIM-BASE:relativeURI>fim_0877_76833-1_20140527_col.xml</FIM-BASE:relativeURI>
        </FIM-BASE:ContainerFile>
    </FIM-BASE:dataClass>
    <FIM-BASE:dataClass>
        <FIM-BASE:DataType>Contract</FIM-BASE:DataType>
        <FIM-BASE:SourceFeedId>57</FIM-BASE:SourceFeedId>
        <FIM-BASE:RecordCount>1</FIM-BASE:RecordCount>
        <FIM-BASE:ContainerFile>
            <FIM-BASE:checksumAlgorithm>SHA1</FIM-BASE:checksumAlgorithm>
            <FIM-BASE:checksum>2653066039cd99ecfde0761da6aae6446ee2bfc3</FIM-BASE:checksum>
            <FIM-BASE:encriptionMethod>NONE</FIM-BASE:encriptionMethod>
            <FIM-BASE:compression>NONE</FIM-BASE:compression>
            <FIM-BASE:relativeURI>fim_0877_76833-1_20140527_con.xml</FIM-BASE:relativeURI>
        </FIM-BASE:ContainerFile>
    </FIM-BASE:dataClass>
    <FIM-BASE:location>0877</FIM-BASE:location>
    <FIM-BASE:legalEntity>0877</FIM-BASE:legalEntity>
    <FIM-BASE:containerFile>
        <FIM-BASE:checksumAlgorithm>NONE</FIM-BASE:checksumAlgorithm>
        <FIM-BASE:checksum>NONE</FIM-BASE:checksum>
        <FIM-BASE:encriptionMethod>NONE</FIM-BASE:encriptionMethod>
        <FIM-BASE:compression>zip</FIM-BASE:compression>
        <FIM-BASE:relativeURI>FIM_FIM-FR_0877_76833-1_57_20140527_20140120070615.zip</FIM-BASE:relativeURI>
    </FIM-BASE:containerFile>
</FIM-FIDS-TRANSFER:FDSDataContainer>